Report number:,Z489301,,,,,
Date:,3/9/2015,,,,,
Associate:,Matt Tennant,,,,,
Department ID:,576,,,,,
OrderID,ProductID,Quantity,Sales,Discount,COS,GP
11016,36,16,138.56,0,122.2099,16.3501
11017,3,25,538.25,0,486.1304,52.1196
11017,59,110,933.9,0,823.6998,110.2002
11017,70,30,952.8,0,848.3997,104.4003
11018,12,20,194.2,0,171.2844,22.9156
11018,18,10,275.6,0,243.0792,32.5208
11018,56,5,180.1,0,158.8482,21.2518
11019,46,3,34.05,0,30.0321,4.0179
11019,49,2,43.54,0,39.1742,4.3658
11020,10,24,197.064,25.704,151.1395,45.9245
11021,2,11,244.75,48.95,172.6956,72.0544
11021,20,15,1114.2,0,982.7244,131.4756
11021,26,63,1901.34,0,1676.9819,224.3581
11021,51,44,5569.85,1113.97,3930.0862,1639.7638
11021,72,35,441.35,0,389.2707,52.0793
11022,19,35,336.35,0,296.6607,39.6893
11022,69,30,62.1,0,54.7722,7.3278
11023,7,4,161.2,0,142.1784,19.0216
11023,43,30,357.3,0,315.1386,42.1614
11024,26,12,401.28,0,353.929,47.351
11024,33,30,707.4,0,623.9268,83.4732
11024,65,21,196.98,0,173.7364,23.2436
11024,71,50,1430,0,1261.26,168.74
11025,1,10,215.05,19.55,180.1711,34.8789
11025,13,20,558.8,50.8,448.056,110.744
11026,18,8,214.88,0,189.5242,25.3558
11026,51,10,929.8,0,820.0836,109.7164
11027,24,30,179.625,35.925,126.7434,52.8816
11027,62,21,754.95,150.99,589.623,165.327
11028,55,35,1286.95,0,1135.0899,151.8601
11028,59,24,207.12,0,182.6798,24.4402
11029,56,20,763.2,0,673.1424,90.0576
11029,63,12,217.68,0,191.9938,25.6862
11030,2,100,2427.5,485.5,1712.844,714.656
11030,5,70,424.2,0,413.9145,10.2855
11030,29,60,10074.75,2014.95,7108.7436,2966.0064
11030,59,100,980,196,691.488,288.512
11031,1,45,965.25,0,851.3505,113.8995
11031,13,80,2183.2,0,1925.5824,257.6176
11031,24,21,94.92,0,83.7194,11.2006
11031,64,20,648,0,628.2958,19.7042
11031,71,16,460.32,0,406.0022,54.3178
11032,36,35,261.8,0,230.9076,30.8924
11032,38,25,2139,0,1886.598,252.402
11032,59,30,233.4,0,205.8588,27.5412
11033,53,70,4261.95,387.45,3417.309,844.641
11033,69,36,85.14,7.74,72.0025,13.1375
11034,21,15,178.86,16.26,143.4132,35.4468
11034,44,12,879.48,0,775.7014,103.7786
11034,61,6,145.56,0,128.3839,17.1761
11035,1,10,195.5,0,172.431,23.069
11035,35,60,366.6,0,323.3412,43.2588
11035,42,30,399.6,0,383.087,16.513
11035,54,10,373,0,328.986,44.014
11036,13,7,175.07,0,154.4117,20.6583
11036,59,30,247.8,0,218.5596,29.2404
11037,70,4,116,0,102.312,13.688
11038,40,5,106.62,17.77,78.3657,28.2543
11038,52,2,155.22,0,136.904,18.316
11038,71,30,961.8,0,848.3076,113.4924
11039,28,20,958,0,844.956,113.044
11039,35,24,147.84,0,130.3949,17.4451
11039,49,60,1116,0,984.312,131.688
11039,57,28,575.68,0,507.7498,67.9302
11040,21,20,209.2,0,184.5144,24.6856
11041,2,30,724.32,120.72,532.3752,191.9448
11041,63,30,610.5,0,538.461,72.039
11042,44,15,1131.15,0,997.6743,133.4757
11042,61,4,114.16,0,100.6891,13.4709
11043,11,10,282.8,0,249.4296,33.3704
11044,62,12,316.8,0,279.4176,37.3824
11045,33,15,375.3,0,331.0146,44.2854
11045,51,24,2461.2,0,2170.7784,290.4216
11046,12,20,195.72,9.32,164.4048,31.3152
11046,32,15,328.3875,15.6375,275.8455,52.542
11046,35,18,119.259,5.679,100.1776,19.0814
11047,1,25,603.4375,120.6875,425.7855,177.652
11047,5,30,223.5,44.7,157.7016,65.7984
11048,68,42,483.84,0,426.7469,57.0931
11049,2,10,224.4,37.4,164.934,59.466
11049,12,4,44.256,7.376,32.5282,11.7278
11050,76,50,21109.55,1919.05,16926.021,4183.529
11051,24,10,49.68,8.28,36.5148,13.1652
11052,43,30,429.12,71.52,315.4032,113.7168
11052,61,10,335.04,55.84,251.5801,83.4599
11053,18,35,1068.9,178.15,842.832,226.068
11053,32,20,411.2,0,392.0924,19.1076
11053,64,25,1084.2,180.7,796.887,287.313
11054,33,10,238.4,0,210.2688,28.1312
11054,67,20,1090.6,0,961.9092,128.6908
11055,24,15,67.35,0,59.4027,7.9473
11055,25,15,189.3,0,166.9626,22.3374
11055,51,20,1941.6,0,1712.4912,229.1088
11055,57,20,387.4,0,341.6868,45.7132
11056,7,40,1686,0,1487.052,198.948
11056,55,35,1367.45,0,1206.0909,161.3591
11056,60,50,269,0,247.4736,21.5264
11057,70,3,86.1,0,75.9402,10.1598
11058,21,3,30.9,0,27.2538,3.6462
11058,60,21,115.08,0,101.5006,13.5794
11058,61,4,107.88,0,95.1502,12.7298
11059,13,30,812.4,0,716.5368,95.8632
11059,17,12,321.6,0,283.6512,37.9488
11059,60,35,181.65,0,160.2153,21.4347
11060,60,4,19.84,0,17.4989,2.3411
11060,77,10,131.1,0,115.6302,15.4698
11061,60,15,79.05,0,69.7221,9.3279
11062,53,10,738.48,123.08,542.7828,195.6972
11062,70,12,398.592,66.432,292.9651,105.6269
11063,34,30,241.8,0,213.2676,28.5324
11063,40,40,878.24,79.84,704.1888,174.0512
11063,41,30,317.46,28.86,254.5452,62.9148
11064,17,77,2277.583,207.053,1826.2075,451.3755
11064,41,12,122.76,0,108.2743,14.4857
11064,53,25,1683.275,153.025,1349.6805,333.5945
11064,55,4,174.944,15.904,140.2733,34.6707
11064,68,55,627.55,0,553.4991,74.0509
11065,30,4,123,24.6,94.2484,28.7516
11065,54,20,942.25,188.45,664.8516,277.3984
11066,16,3,28.08,0,24.7666,3.3134
11066,19,42,412.02,0,363.4016,48.6184
11066,34,35,265.65,0,234.3033,31.3467
11067,41,9,84.06,0,74.1409,9.9191
11068,28,8,431.112,56.232,330.6442,100.4678
11068,43,36,464.094,60.534,355.9399,108.1541
11068,77,28,447.258,58.338,343.0274,104.2306
11069,39,20,1165.2,0,1075.3017,89.8983
11070,1,40,854.22,111.42,655.1496,199.0704
11070,2,20,463.91,60.51,355.7988,108.1112
11070,16,30,302.22,39.42,236.5117,65.7083
11070,31,20,169,0,149.058,19.942
11071,7,15,669.375,31.875,562.275,107.1
11071,13,10,273.735,13.035,229.9374,43.7976
11072,2,8,161.6,0,142.5312,19.0688
11072,41,40,416,0,366.912,49.088
11072,50,22,347.82,0,306.7772,41.0428
11072,64,130,4230.2,0,3731.0364,499.1636
11073,11,10,289.3,0,261.7971,27.5029
11073,24,20,92,0,81.144,10.856
11074,16,14,142.884,6.804,120.0226,22.8614
11075,2,10,196.65,25.65,150.822,45.828
11075,46,30,454.71,59.31,348.7428,105.9672
11075,76,2,871.815,113.715,668.6442,203.1708
11076,6,20,95.5,19.1,69.4453,26.0547
11076,14,20,623.25,124.65,439.7652,183.4848
11076,19,10,122.25,24.45,86.2596,35.9904
11077,2,24,545.184,90.864,400.7102,144.4738
11077,3,4,87.4,0,77.0868,10.3132
11077,4,3,70.8,0,62.4456,8.3544
11077,6,50,223.89,4.39,193.599,30.291
11077,7,15,630.63,30.03,529.7292,100.9008
11077,8,5,118.855,10.805,95.3001,23.5549
11077,10,15,98.55,0,86.9211,11.6289
11077,12,10,112.665,5.365,94.6386,18.0264
11077,13,10,264.3,0,233.1126,31.1874
11077,14,50,1274.11,37.11,1091.034,183.076
11077,16,25,266.5125,7.7625,228.2175,38.295
11077,20,15,1245.348,47.898,1056.1509,189.1971
11077,23,14,132.58,0,116.9356,15.6444
11077,32,10,189.8,0,181.724,8.076
11077,39,10,578.55,27.55,485.982,92.568
11077,41,8,69.76,0,61.5283,8.2317
11077,46,8,94.9008,1.8608,82.0613,12.8395
11077,52,8,662.64,0,584.4485,78.1915
11077,55,5,210.55,0,193.3484,17.2016
11077,60,8,45.1984,2.5584,37.6085,7.5899
11077,64,15,526.6905,15.3405,451.0107,75.6798
11077,66,8,162.8,0,143.5896,19.2104
11077,73,5,6.1105,0.0605,5.838,0.2725
11077,75,14,114.66,0,101.1301,13.5299
11077,77,10,119.8,0,105.6636,14.1364
11078,2,10,198.45,9.45,166.698,31.752
11078,3,25,511.875,24.375,429.975,81.9
11079,13,10,267.75,12.75,224.91,42.84
11079,57,15,285,0,251.37,33.63
11080,14,100,2415,115,2028.6,386.4
11081,75,150,1163.25,105.75,943.7781,219.4719
11082,3,35,732.1475,47.8975,603.5085,128.639
11083,9,5,194.5,0,171.549,22.951
11083,21,15,149.25,0,131.6385,17.6115
11083,22,15,52.5,0,46.305,6.195
11083,24,50,236.25,11.25,198.45,37.8
11083,33,3,76.5,0,67.473,9.027
11083,37,7,31.5,0,27.783,3.717
11083,42,10,156.5,0,138.033,18.467
11083,47,5,127.5,0,112.455,15.045
11083,51,3,308.691,8.991,264.3354,44.3556
11083,62,5,124.8,4.8,105.84,18.96
10248,11,12,343.44,0,284.3683,59.0717
10248,42,10,140.4,0,116.2512,24.1488
10248,72,5,63.55,0,52.6194,10.9306
10249,14,9,205.2,0,169.9056,35.2944
10249,51,40,4048,0,3642.6713,405.3287
10250,41,10,95.9,0,79.4052,16.4948
10250,51,35,3931.2175,512.7675,2830.4766,1100.7409
10250,65,15,163.3575,21.3075,117.6174,45.7401
10251,22,6,21.357,1.017,16.8415,4.5155
10251,57,15,332.64,15.84,288.1383,44.5017
10251,65,20,185.2,0,156.4436,28.7564
10252,20,40,3189.06,151.86,2514.8016,674.2584
10252,33,25,620.55,29.55,489.348,131.202
10252,60,40,182,0,150.696,31.304
10253,31,20,165.6,0,140.5657,25.0343
10253,39,42,2433.9,0,2015.2692,418.6308
10253,49,40,796.4,0,659.4192,136.9808
10254,24,15,77.97,10.17,56.1384,21.8316
10254,55,21,984.354,128.394,708.7349,275.6191
10254,74,21,617.4,0,511.2072,106.1928
10255,2,20,342.4,0,283.5072,58.8928
10255,16,35,320.95,0,265.7466,55.2034
10255,36,25,194.25,0,160.839,33.411
10255,59,30,234.9,0,198.2353,36.6647
10256,53,15,907.95,0,751.7826,156.1674
10256,77,12,162,0,134.136,27.864
10257,27,25,1077.25,0,891.963,185.287
10257,39,6,329.04,0,272.7112,56.3288
10257,77,15,192.6,0,159.4728,33.1272
10258,2,50,1201.2,200.2,828.828,372.372
10258,5,65,478.14,79.69,344.2608,133.8792
10258,32,6,139.32,23.22,100.3104,39.0096
10259,21,10,101.4,0,87.6096,13.7904
10259,37,1,4.37,0,3.7757,0.5943
10260,41,16,200.4,40.08,138.5165,61.8835
10260,57,50,929,0,802.656,126.344
10260,62,15,540.375,108.075,373.5072,166.8678
10260,70,21,770.9625,154.1925,532.8893,238.0732
10261,21,20,200.2,0,172.9728,27.2272
10261,35,20,131.2,0,115.916,15.284
10262,5,12,80.352,13.392,57.8534,22.4986
10262,7,15,574.5,0,496.368,78.132
10262,56,2,69.1,0,59.7024,9.3976
10263,16,60,709.5,141.9,490.4064,219.0936
10263,24,28,114.52,0,100.7798,13.7402
10263,30,60,1992.75,398.55,1377.3888,615.3612
10263,74,36,1254.15,250.83,866.8685,387.2815
10264,2,35,719.25,0,621.432,97.818
10264,41,25,274.5625,35.8125,211.5246,63.0379
10265,17,30,717,0,619.488,97.512
10265,70,20,556.2,0,486.5012,69.6988
10266,12,12,128.016,6.096,105.3389,22.6771
10267,40,50,935.5,0,808.272,127.228
10267,59,70,697.13,90.93,523.7568,173.3732
10267,76,15,6356.7975,829.1475,4775.8896,1580.9079
10268,29,10,1173,0,1013.472,159.528
10268,72,4,50.56,0,43.6838,6.8762
10269,33,60,1726.2,82.2,1420.416,305.784
10269,72,20,255.57,12.17,210.2976,45.2724
10270,36,30,233.4,0,201.6576,31.7424
10270,43,25,326.5,0,282.096,44.404
10271,33,24,577.44,0,498.9082,78.5318
10272,20,6,529.5,0,457.488,72.012
10272,31,40,312.4,0,269.9136,42.4864
10272,72,24,282.24,0,263.4258,18.8142
10273,10,24,173.376,8.256,142.6637,30.7123
10273,31,15,140.9625,6.7125,115.992,24.9705
10273,33,20,509,0,439.776,69.224
10273,40,60,1219.05,58.05,1003.104,215.946
10273,76,33,14281.344,680.064,11751.5059,2529.8381
10274,71,20,623.4,0,538.6176,84.7824
10274,72,7,83.93,0,72.5155,11.4145
10275,24,12,51.912,2.472,46.0545,5.8575
10275,59,6,56.196,2.676,46.2413,9.9547
10276,10,15,103.8,0,89.6832,14.1168
10276,13,10,274.5,0,237.168,37.332
10277,28,20,889.6,0,768.6144,120.9856
10277,62,12,360.96,0,311.8694,49.0906
10278,44,16,1292.48,0,1116.7027,175.7773
10278,59,15,128.55,0,115.2167,13.3333
10278,63,8,168.16,0,145.2902,22.8698
10278,73,25,26.75,0,23.112,3.638
10279,17,15,506.625,101.325,372.12,134.505
10280,24,12,51,0,44.064,6.936
10280,55,20,849.4,0,733.8816,115.5184
10280,75,30,216.3,0,186.8832,29.4168
10281,19,1,9.9,0,8.5536,1.3464
10281,24,6,25.08,0,21.6691,3.4109
10281,35,4,25.48,0,22.4386,3.0414
10282,30,6,158.28,0,136.7539,21.5261
10282,57,2,42.04,0,36.3226,5.7174
10283,15,20,130.6,0,112.8384,17.7616
10283,19,18,165.24,0,142.7674,22.4726
10283,60,35,181.3,0,156.6432,24.6568
10283,72,3,34.98,0,30.2227,4.7573
10284,27,15,806.8125,161.3625,557.6688,249.1437
10284,44,21,1435.77,0,1240.5053,195.2647
10284,60,20,118.25,23.65,81.7344,36.5156
10284,67,5,400.4375,80.0875,276.7824,123.6551
10285,1,45,1064.88,177.48,766.7136,298.1664
10285,40,40,826.56,137.76,595.1232,231.4368
10285,53,36,2633.472,438.912,1896.0998,737.3722
10286,35,100,606,0,523.584,82.416
10286,62,40,1211.2,0,1046.4768,164.7232
10287,16,40,408.48,53.28,306.8928,101.5872
10287,34,20,153.4,0,132.5376,20.8624
10287,46,15,210.9675,27.5175,168.0717,42.8958
10288,54,10,369.82,33.62,290.4768,79.3432
10288,68,3,38.808,3.528,30.4819,8.3261
10289,3,30,616.2,0,532.3968,83.8032
10289,64,9,320.4,0,276.8256,43.5744
10290,5,20,131.4,0,113.5296,17.8704
10290,29,15,1890.45,0,1633.3488,257.1012
10290,49,15,294.9,0,254.7936,40.1064
10290,77,10,134.9,0,116.5536,18.3464
10291,13,20,506.66,46.06,397.9584,108.7016
10291,44,24,2182.752,198.432,1714.4525,468.2995
10291,51,2,234.432,21.312,184.1357,50.2963
10292,20,20,1681.4,0,1452.7296,228.6704
10293,18,12,328.56,0,283.8758,44.6842
10293,24,10,41.1,0,35.5104,5.5896
10293,63,5,105.3,0,90.9792,14.3208
10293,75,6,45.6,0,39.3984,6.2016
10294,1,18,389.88,0,336.8563,53.0237
10294,17,15,369.3,0,319.0752,50.2248
10294,43,15,193.5,0,167.184,26.316
10294,60,21,95.76,0,87.5671,8.1929
10294,75,6,49.32,0,42.6125,6.7075
10295,56,4,139.36,0,120.407,18.953
10296,11,12,319.44,0,275.9962,43.4438
10296,16,30,280.8,0,242.6112,38.1888
10296,69,15,28.35,0,24.4944,3.8556
10297,39,60,3561,0,3076.704,484.296
10297,72,20,239,0,206.496,32.504
10298,2,40,701.6,0,606.1824,95.4176
10298,36,40,367,73.4,253.6704,113.3296
10298,59,30,343.125,68.625,237.168,105.957
10298,62,15,420,0,362.88,57.12
10299,19,15,137.55,0,118.8432,18.7068
10299,70,20,581.6,0,502.5024,79.0976
10300,66,30,596.7,0,515.7551,80.9449
10300,68,20,225.4,0,194.7456,30.6544
10301,40,10,183.3,0,158.3712,24.9288
10301,56,20,783.4,0,676.8576,106.5424
10302,17,40,1026,0,886.464,139.536
10302,28,28,1198.68,0,1035.6595,163.0205
10302,43,12,129.84,0,112.1818,17.6582
10303,40,40,775.28,70.48,608.9472,166.3328
10303,65,30,355.74,32.34,279.4176,76.3224
10303,68,15,210.705,19.155,165.4992,45.2058
10304,49,30,593.7,0,512.9568,80.7432
10304,59,10,79.1,0,68.3424,10.7576
10304,71,2,59.52,0,51.4253,8.0947
10305,18,25,757.9,68.9,595.296,162.604
10305,29,25,3133.35,284.85,2461.104,672.246
10305,39,30,1889.25,171.75,1483.92,405.33
10306,30,10,280.2,0,242.0928,38.1072
10306,53,10,611.1,0,527.9904,83.1096
10306,54,5,189.4,0,163.6416,25.7584
10307,62,10,272.7,0,235.6128,37.0872
10307,68,3,38.46,0,33.2294,5.2306
10308,69,1,2.12,0,1.8317,0.2883
10308,70,5,147.75,0,127.656,20.094
10309,4,20,432.8,0,373.9392,58.8608
10309,6,30,110.7,0,95.6448,15.0552
10309,42,2,27.24,0,23.5354,3.7046
10309,43,20,237.4,0,205.1136,32.2864
10309,71,3,89.28,0,77.1379,12.1421
10310,16,10,85.3,0,73.6992,11.6008
10310,62,5,160.95,0,139.0608,21.8892
10311,42,6,89.58,0,77.3971,12.1829
10311,69,7,13.86,0,11.975,1.885
10312,28,4,196.68,0,179.4667,17.2133
10312,43,24,314.64,0,271.849,42.791
10312,53,20,1264.6,0,1092.6144,171.9856
10312,75,10,76.3,0,65.9232,10.3768
10313,36,12,101.64,0,87.817,13.823
10314,32,40,874.72,79.52,687.0528,187.6672
10314,58,30,1451.01,131.91,1139.7024,311.3076
10314,62,25,864.325,78.575,678.888,185.437
10315,34,14,117.32,0,101.3645,15.9555
10315,70,30,873.9,0,755.0496,118.8504
10316,41,10,89.6,0,77.4144,12.1856
10316,62,70,2053.1,0,1773.8784,279.2216
10317,1,20,362.4,0,313.1136,49.2864
10318,41,20,191.2,0,165.1968,26.0032
10318,76,6,2214.96,0,1913.7254,301.2346
10319,17,8,209.84,0,181.3018,28.5382
10319,28,14,682.78,0,589.9219,92.8581
10319,76,30,12119.1,0,10470.9024,1648.1976
10320,71,30,942.6,0,814.4064,128.1936
10321,35,10,54.3,0,46.9152,7.3848
10322,52,20,1560.4,0,1348.1856,212.2144
10323,15,5,30.6,0,26.4384,4.1616
10323,25,4,57.36,0,49.559,7.801
10323,39,4,244.84,0,211.5418,33.2982
10324,16,21,211.7955,27.6255,159.1229,52.6726
10324,35,70,452.41,59.01,339.8976,112.5124
10324,46,30,364.5,0,314.928,49.572
10324,59,40,382.26,49.86,287.1936,95.0664
10324,63,80,1894.28,247.08,1423.1808,471.0992
10325,6,6,22.26,0,19.2326,3.0274
10325,13,12,277.08,0,239.3971,37.6829
10325,14,9,190.26,0,164.3846,25.8754
10325,31,4,31.2,0,26.9568,4.2432
10325,72,40,438.4,0,378.7776,59.6224
10326,4,24,476.16,0,411.4022,64.7578
10326,57,16,287.04,0,248.0026,39.0374
10326,75,50,406,0,350.784,55.216
10327,2,25,576.6,96.1,415.152,161.448
10327,11,50,1746,291,1257.12,488.88
10327,30,35,1008.84,168.14,726.3648,282.4752
10327,58,30,1582.92,263.82,1139.7024,443.2176
10328,59,9,75.51,0,65.2406,10.2694
10328,65,40,414.4,0,358.0416,56.3584
10328,68,10,121.3,0,104.8032,16.4968
10329,19,10,89.25,4.25,80.3848,8.8652
10329,30,8,206.724,9.844,170.1043,36.6197
10329,38,20,1624.56,77.36,1336.7808,287.7792
10329,56,12,505.638,24.078,416.0678,89.5702
10330,26,50,1882.55,245.55,1414.368,468.182
10330,72,25,311.65,40.65,246.6153,65.0347
10331,54,15,569.55,0,492.0912,77.4588
10332,18,40,1191.36,198.56,857.7792,333.5808
10332,42,10,181.56,30.26,130.7232,50.8368
10332,47,16,471.744,78.624,339.6557,132.0883
10333,14,10,248.7,0,214.8768,33.8232
10333,21,10,115.5,10.5,99.0989,16.4011
10333,71,40,1364.44,124.04,1071.7056,292.7344
10334,52,8,582.08,0,502.9171,79.1629
10334,68,10,127.4,0,116.7875,10.6125
10335,2,7,163.884,27.314,117.9965,45.8875
10335,31,25,254.4,42.4,183.168,71.232
10335,32,6,134.208,22.368,96.6298,37.5782
10335,51,48,6007.104,1001.184,4325.1149,1681.9891
10336,4,18,459.954,41.814,361.273,98.681
10337,23,40,360,0,311.04,48.96
10337,26,24,805.2,0,725.2697,79.9303
10337,36,20,159.8,0,138.0672,21.7328
10337,37,28,109.2,0,94.3488,14.8512
10337,72,25,300.75,0,259.848,40.902
10338,17,20,524.8,0,453.4272,71.3728
10338,30,15,381,0,329.184,51.816
10339,4,10,213.2,0,184.2048,28.9952
10339,17,70,1797.81,85.61,1479.3408,318.4692
10339,62,28,857.08,0,740.5171,116.5629
10340,18,20,510.3,24.3,419.904,90.396
10340,41,12,115.038,5.478,94.6598,20.3782
10340,43,40,501.06,23.86,412.3008,88.7592
10341,33,8,211.6,0,182.8224,28.7776
10341,59,9,85.5945,11.1645,64.3075,21.287
10342,2,24,566.208,94.368,407.6698,158.5382
10342,31,56,585.984,97.664,421.9085,164.0755
10342,36,40,362.88,60.48,261.2736,101.6064
10342,55,40,1800.96,300.16,1296.6912,504.2688
10343,64,50,1697.5,0,1466.64,230.86
10343,68,4,48.51,2.31,39.9168,8.5932
10343,76,15,5862.3,0,5065.0272,797.2728
10344,4,35,727.3,0,628.3872,98.9128
10344,8,70,1697.5,339.5,1222.6774,474.8226
10345,8,70,1432.2,0,1237.4208,194.7792
10345,19,80,806.4,0,696.7296,109.6704
10345,42,9,136.71,0,118.1174,18.5926
10346,17,36,978.516,88.956,768.5798,209.9362
10346,56,20,810.2,0,700.0128,110.1872
10347,25,10,132.1,0,114.1344,17.9656
10347,39,50,3376.4,440.4,2536.704,839.696
10347,40,4,68,0,58.752,9.248
10347,75,6,53.475,6.975,40.176,13.299
10348,1,15,334.8225,43.6725,251.5536,83.2689
10348,23,25,230.75,0,199.368,31.382
10349,54,24,820.32,0,708.7565,111.5635
10350,50,15,272.085,24.735,213.7104,58.3746
10350,69,18,36.234,3.294,28.4602,7.7738
10351,38,20,1575.84,75.04,1296.6912,279.1488
10351,41,13,135.46,0,117.0374,18.4226
10351,44,77,5961.879,283.899,4905.7747,1056.1043
10351,65,10,105.84,5.04,87.0912,18.7488
10352,24,10,47.3,0,40.8672,6.4328
10352,54,20,871.7,113.7,654.912,216.788
10353,11,12,428.4,71.4,308.448,119.952
10353,38,50,4524,754,3257.28,1266.72
10354,1,12,259.8,0,224.4672,35.3328
10354,29,4,521.36,0,450.455,70.905
10355,24,25,116.5,0,100.656,15.844
10355,57,25,442.5,0,382.32,60.18
10356,31,30,276.6,0,238.9824,37.6176
10356,55,12,487.8,0,421.4592,66.3408
10356,69,20,41,0,35.424,5.576
10357,10,30,234.36,39.06,168.7392,65.6208
10357,26,16,471.04,0,406.9786,64.0614
10357,60,8,46.656,7.776,35.3201,11.336
10358,24,10,44.52,2.12,36.6336,7.8864
10358,34,10,86.73,4.13,73.1107,13.6193
10358,36,20,159.81,7.61,131.5008,28.3092
10359,16,56,602.112,28.672,495.4522,106.6598
10359,31,70,639.45,30.45,526.176,113.274
10359,60,80,458.64,21.84,377.3952,81.2448
10360,28,30,1262.1,0,1090.4544,171.6456
10360,29,35,4751.6,0,4105.3824,646.2176
10360,38,10,807.4,0,697.5936,109.8064
10360,49,35,640.15,0,553.0896,87.0604
10360,54,28,1028.44,0,888.5722,139.8678
10361,39,54,3596.076,326.916,2824.5542,771.5218
10361,60,55,282.535,25.685,221.9184,60.6166
10362,25,50,752,0,649.728,102.272
10362,51,20,2195.8,0,1897.1712,298.6288
10362,54,24,889.68,0,768.6835,120.9965
10363,31,20,186,0,174.0099,11.9901
10363,75,12,96.72,0,83.5661,13.1539
10363,76,12,5190.36,0,4735.0377,455.3223
10364,69,30,61.5,0,53.136,8.364
10364,71,5,148.65,0,128.4336,20.2164
10365,11,24,707.52,0,611.2973,96.2227
10366,65,5,45.6,0,39.3984,6.2016
10366,77,5,63.55,0,54.9072,8.6428
10367,34,36,272.16,0,256.6889,15.4711
10367,54,18,672.66,0,581.1782,91.4818
10367,65,15,141.15,0,121.9536,19.1964
10367,77,7,99.61,0,86.063,13.547
10368,21,5,57.915,5.265,45.4896,12.4254
10368,28,13,678.821,61.711,533.183,145.638
10368,57,25,451.25,0,389.88,61.37
10368,64,35,1245.09,113.19,977.9616,267.1284
10369,29,20,2355.6,0,2035.2384,320.3616
10369,56,18,886.95,177.39,613.0598,273.8902
10370,1,15,371.91,48.51,292.9833,78.9267
10370,64,30,1020.6,0,881.7984,138.8016
10370,74,20,750.72,97.92,564.0192,186.7008
10371,36,6,55.944,9.324,40.2797,15.6643
10372,20,12,1218.6,243.72,842.2963,376.3037
10372,38,40,3897,779.4,2702.9957,1194.0043
10372,60,70,463.75,92.75,320.544,143.206
10372,72,42,564.375,112.875,390.096,174.279
10373,58,80,5094.72,849.12,3668.1984,1426.5216
10373,71,50,1907.4,317.9,1373.328,534.072
10374,31,30,273.3,0,236.1312,37.1688
10374,58,15,773.55,0,668.3472,105.2028
10375,14,15,323.85,0,279.8064,44.0436
10375,54,10,329.5,0,284.688,44.812
10376,31,42,341.334,16.254,280.8691,60.4649
10377,28,20,947.14,123.54,711.5904,235.5496
10377,39,20,1374.94,179.34,1032.9984,341.9416
10378,71,6,169.14,0,148.1577,20.9823
10379,41,8,82.104,7.464,64.489,17.615
10379,63,16,358.16,32.56,281.3184,76.8416
10379,65,20,220,20,172.8,47.2
10380,30,18,505.098,45.918,396.7315,108.3665
10380,53,20,1341.12,121.92,1053.3888,287.7312
10380,60,6,31.68,2.88,24.8832,6.7968
10380,70,30,814.5,0,674.406,140.094
10381,74,14,428.26,0,354.5993,73.6607
10382,5,32,179.84,0,148.9075,30.9325
10382,18,9,241.02,0,199.5646,41.4554
10382,29,14,1811.32,0,1499.773,311.547
10382,33,60,1649.4,0,1365.7032,283.6968
10382,74,50,1360.5,0,1126.494,234.006
10383,13,20,523.6,0,433.5408,90.0592
10383,50,15,231.45,0,191.6406,39.8094
10383,56,20,826.4,0,684.2592,142.1408
10384,20,28,2422.28,0,2015.9715,406.3085
10384,60,15,79.8,0,66.0744,13.7256
10385,7,10,433.56,72.26,299.1564,134.4036
10385,60,20,119.76,19.96,82.6344,37.1256
10385,68,8,131.04,21.84,90.4176,40.6224
10386,24,15,61.65,0,51.0462,10.6038
10386,34,10,84.8,0,70.2144,14.5856
10387,24,15,72.75,0,65.5554,7.1946
10387,28,6,285.06,0,236.0297,49.0303
10387,59,12,106.44,0,88.1323,18.3077
10387,71,15,434.85,0,360.0558,74.7942
10388,45,15,156.6,26.1,108.054,48.546
10388,52,20,1983.6,330.6,1368.684,614.916
10388,53,40,2511.6,0,2079.6048,431.9952
10389,10,16,101.28,0,83.8598,17.4202
10389,55,15,562.35,0,465.6258,96.7242
10389,62,20,633.6,0,524.6208,108.9792
10389,70,30,838.8,0,694.5264,144.2736
10390,31,60,595.98,54.18,448.6104,147.3696
10390,35,40,288.64,26.24,217.2672,71.3728
10390,46,45,487.35,0,403.5258,83.8242
10390,72,24,288.816,26.256,217.3997,71.4163
10391,13,18,416.16,0,345.2441,70.9159
10392,69,50,104.5,0,86.526,17.974
10393,2,25,599.0625,119.8125,410.218,188.8445
10393,14,42,1146.075,229.215,759.1601,386.9149
10393,25,7,126.175,25.235,83.5783,42.5967
10393,26,70,2749.25,549.85,1866.9716,882.2784
10393,31,32,257.6,0,213.2928,44.3072
10394,13,10,270.4,0,223.8912,46.5088
10394,62,10,266.7,0,220.8276,45.8724
10395,46,28,357.896,32.536,269.3981,88.4979
10395,53,70,5109.72,464.52,3846.2256,1263.4944
10395,69,8,14.96,0,12.3869,2.5731
10396,23,40,344,0,284.832,59.168
10396,71,60,1780.2,0,1474.0056,306.1944
10396,72,21,230.16,0,190.5725,39.5875
10397,21,10,123.165,16.065,88.6788,34.4862
10397,51,18,2089.044,272.484,1504.1117,584.9323
10398,35,30,163.5,0,146.3896,17.1104
10398,55,120,4935.48,448.68,3715.0704,1220.4096
10399,68,60,794.4,0,693.5116,100.8884
10399,71,30,829.8,0,687.0744,142.7256
10399,76,35,13366.85,0,11067.7518,2299.0982
10399,77,14,168.14,0,139.2199,28.9201
10400,29,21,2554.65,0,2115.2502,439.3998
10400,35,35,203,0,168.084,34.916
10400,49,30,646.5,0,563.1968,83.3032
10401,30,18,469.26,0,388.5473,80.7127
10401,56,70,2804.2,0,2556.2446,247.9554
10401,65,20,181.2,0,150.0336,31.1664
10401,71,60,1823.4,0,1509.7752,313.6248
10402,23,60,544.2,0,450.5976,93.6024
10402,63,65,1231.1,0,1019.3508,211.7492
10403,16,21,245.1225,31.9725,176.4882,68.6343
10403,48,70,2562.315,334.215,1844.8668,717.4482
10404,26,30,1068.795,50.895,842.8212,225.9738
10404,42,40,561.54,26.74,442.8144,118.7256
10404,49,30,624.33,29.73,492.3288,132.0012
10405,3,50,924,0,791.6578,132.3422
10406,1,10,197.6,0,163.6128,33.9872
10406,21,30,346.83,31.53,277.302,69.528
10406,28,42,2187.108,198.828,1646.2958,540.8122
10406,36,5,43.34,3.94,32.6232,10.7168
10406,40,2,41.646,3.786,31.3481,10.2979
10407,11,30,765.6,0,633.9168,131.6832
10407,69,15,31.65,0,26.2062,5.4438
10407,71,15,484.95,0,401.5386,83.4114
10408,37,10,39.2,0,32.4576,6.7424
10408,54,6,204.54,0,169.3591,35.1809
10408,62,35,1088.85,0,901.5678,187.2822
10409,14,12,294.96,0,244.2269,50.7331
10409,21,12,131.52,0,108.8986,22.6214
10410,33,49,1272.04,0,1053.2491,218.7909
10410,59,16,149.12,0,123.4714,25.6486
10411,41,25,277.2,46.2,191.268,85.932
10411,44,40,3298.56,549.76,2276.0064,1022.5536
10411,59,9,98.928,16.488,68.2603,30.6677
10412,14,20,560.78,50.98,422.1144,138.6656
10413,1,24,504.24,0,417.5107,86.7293
10413,62,40,1214.8,0,1005.8544,208.9456
10413,76,14,5809.44,0,4810.2163,999.2237
10414,19,18,166.32,7.92,131.1552,35.1648
10414,33,50,1290.5,0,1107.4765,183.0235
10415,17,2,45.34,0,37.5415,7.7985
10415,33,20,516.8,0,464.8058,51.9942
10416,19,20,187.6,0,155.4529,32.1471
10416,53,10,553.2,0,458.0496,95.1504
10416,57,20,374.8,0,310.3344,64.4656
10417,38,50,3960.5,0,3292.6152,667.8848
10417,46,2,31.55,6.31,20.8987,10.6513
10417,68,36,565.2,113.04,374.3885,190.8115
10417,77,35,465.5,0,385.434,80.066
10418,2,60,1164.6,0,964.2888,200.3112
10418,47,55,1410.75,0,1168.101,242.649
10418,61,16,388.8,0,321.9264,66.8736
10418,74,15,463.65,0,383.9022,79.7478
10419,60,60,289.17,13.77,228.0312,61.1388
10419,69,20,39.27,1.87,32.6502,6.6198
10420,9,20,806.96,73.36,607.4208,199.5392
10420,13,2,59.136,5.376,44.5133,14.6227
10420,70,8,276.056,25.096,207.7949,68.2611
10420,73,20,23.76,2.16,17.8848,5.8752
10421,19,4,42.044,5.484,30.2717,11.7723
10421,26,30,955.8,0,791.4024,164.3976
10421,53,15,964.275,125.775,694.278,269.997
10421,77,10,138.345,18.045,104.8294,33.5156
10422,26,2,56.66,0,46.9145,9.7455
10423,31,14,107.66,0,89.1425,18.5175
10423,59,20,178.4,0,147.7152,30.6848
10424,35,60,399.6,66.6,275.724,123.876
10424,38,49,5068.56,844.76,3497.3064,1571.2536
10424,68,30,450.72,75.12,324.651,126.069
10425,55,10,450.5,90.1,298.4112,152.0888
10425,76,20,9035.75,1807.15,5985.2808,3050.4692
10426,56,5,181.45,0,150.2406,31.2094
10426,64,7,233.24,0,193.1227,40.1173
10427,14,35,851.55,0,706.8956,144.6544
10428,46,20,241.4,0,199.8792,41.5208
10429,50,40,686,0,568.008,117.992
10429,63,35,951.5625,190.3125,630.315,321.2475
10430,17,45,1217.16,202.86,839.8404,377.3196
10430,21,50,513,0,424.764,88.236
10430,56,30,1087.5,0,900.45,187.05
10430,59,70,719.04,119.84,496.1376,222.9024
10431,17,50,1585.625,317.125,1050.318,535.307
10431,40,50,1118.75,223.75,741.06,377.69
10431,47,30,1012.125,202.425,670.4316,341.6934
10432,26,10,300.4,0,248.7312,51.6688
10432,54,40,1364.8,0,1130.0544,234.7456
10433,56,28,1072.68,0,888.179,184.501
10434,11,6,156.78,0,129.8138,26.9662
10434,76,18,8931.843,1165.023,6430.927,2500.9161
10435,2,10,200.5,0,166.014,34.486
10435,22,12,45,0,37.26,7.74
10435,72,10,126,0,104.328,21.672
10436,46,5,64.25,0,53.199,11.051
10436,56,40,1661.44,151.04,1250.6112,410.8288
10436,64,30,1199.22,109.02,902.6856,296.5344
10436,75,24,189.552,17.232,142.681,46.871
10437,53,15,872.55,0,722.4714,150.0786
10438,19,15,171.36,28.56,118.2384,53.1216
10438,34,20,179.52,29.92,123.8688,55.6512
10438,57,15,365.4,60.9,252.126,113.274
10439,12,15,153.3,0,126.9324,26.3676
10439,16,16,159.68,0,132.215,27.465
10439,64,6,210.12,0,173.9794,36.1406
10439,74,30,985.5,0,815.994,169.506
10440,2,45,1046.385,136.485,753.3972,292.9878
10440,16,49,520.674,67.914,374.8853,145.7887
10440,29,24,3564.54,464.94,2566.4688,998.0712
10440,61,90,2685.825,350.325,1933.794,752.031
10441,27,50,2212.5,0,1831.95,380.55
10442,11,30,919.2,0,761.0976,158.1024
10442,54,80,2913.6,0,2412.4608,501.1392
10442,66,60,1168.8,0,967.7664,201.0336
10443,11,6,192.312,32.052,132.6953,59.6167
10443,28,12,522.24,0,432.4147,89.8253
10444,17,10,270,0,223.56,46.44
10444,26,15,464.55,0,384.6474,79.9026
10444,35,8,45.6,0,37.7568,7.8432
10444,41,30,275.7,0,228.2796,47.4204
10445,39,6,351.42,0,290.9758,60.4442
10445,54,15,529.8,0,445.4543,84.3457
10446,19,12,122.232,11.112,92.0074,30.2246
10446,24,20,92.62,8.42,69.7176,22.9024
10446,31,3,27.291,2.481,20.5427,6.7483
10446,52,15,1266.54,115.14,953.3592,313.1808
10447,19,40,341.2,0,282.5136,58.6864
10447,65,35,366.8,0,303.7104,63.0896
10447,71,2,57.08,0,47.2622,9.8178
10448,26,6,195.18,0,161.609,33.571
10448,40,20,373,0,308.844,64.156
10449,10,14,97.86,0,81.0281,16.8319
10449,52,20,1759.6,0,1456.9488,302.6512
10449,62,35,1044.4,0,892.9365,151.4635
10450,10,20,183.36,30.56,127.4957,55.8643
10450,54,6,253.584,42.264,174.973,78.611
10451,55,120,5283.96,480.36,3977.3808,1306.5792
10451,64,35,1383.69,125.79,1041.5412,342.1488
10451,65,28,328.328,29.848,247.1414,81.1866
10451,77,55,756.855,68.805,569.7054,187.1496
10452,28,15,736.35,0,609.6978,126.6522
10452,44,100,8495.55,404.55,6699.348,1796.202
10453,48,15,592.35,53.85,445.878,146.472
10453,70,25,836.825,76.075,629.901,206.924
10454,16,20,213.12,35.52,147.0528,66.0672
10454,33,20,668.88,111.48,461.5272,207.3528
10454,46,10,143.64,23.94,99.1116,44.5284
10455,39,20,1297.8,0,1074.5784,223.2216
10455,53,50,3115.5,0,2579.634,535.866
10455,61,25,668.75,0,553.725,115.025
10455,71,30,835.5,0,691.794,143.706
10456,21,40,422.74,55.14,336.004,86.736
10456,49,21,484.932,63.252,349.151,135.781
10457,59,36,282.6,0,248.1619,34.4381
10458,26,30,846.3,0,700.7364,145.5636
10458,28,30,1445.7,0,1197.0396,248.6604
10458,43,20,252.8,0,217.8839,34.9161
10458,56,15,604.8,0,500.7744,104.0256
10458,71,50,1502,0,1243.656,258.344
10459,7,16,655.872,31.232,517.2019,138.6701
10459,46,20,251.58,11.98,198.3888,53.1912
10459,72,40,512.4,0,424.2672,88.1328
10460,68,21,310.5375,62.1075,205.7,104.8375
10460,75,4,39.6,7.92,26.231,13.369
10461,21,40,493,98.6,326.5632,166.4368
10461,30,28,955.15,191.03,632.6914,322.4586
10461,55,60,2643,528.6,1750.7232,892.2768
10462,13,1,27.09,0,22.4305,4.6595
10462,23,21,178.5,0,156.1513,22.3487
10463,19,21,203.07,0,168.142,34.928
10463,42,50,743,0,615.204,127.796
10464,4,16,429.888,71.648,296.6227,133.2653
10464,43,3,33.54,0,27.7711,5.7689
10464,56,30,1417.32,236.22,977.9508,439.3692
10464,60,20,103.6,0,85.7808,17.8192
10465,24,25,110.25,0,91.287,18.963
10465,29,18,2646.864,240.624,2087.2047,559.6594
10465,40,20,387,0,320.436,66.564
10465,45,30,339.57,30.87,255.6036,83.9664
10465,50,25,378.25,0,313.191,65.059
10466,11,10,257.3,0,217.8903,39.4097
10466,46,5,59.25,0,49.059,10.191
10467,24,28,128.8,0,116.1418,12.6582
10467,25,12,161.52,0,145.9954,15.5246
10468,30,8,188.4,0,155.9952,32.4048
10468,43,15,173.85,0,143.9478,29.9022
10469,2,40,807.76,105.36,581.5872,226.1728
10469,16,35,384.79,50.19,277.0488,107.7412
10469,44,2,156.814,20.454,112.9061,43.9079
10470,18,30,755.7,0,654.3161,101.3839
10470,23,15,133.65,0,110.6622,22.9878
10470,64,8,291.12,0,241.0474,50.0726
10471,7,30,1192.2,0,1023.5194,168.6806
10471,56,20,796.4,0,659.4192,136.9808
10472,24,80,351.96,16.76,281.694,70.266
10472,51,18,1632.42,0,1351.6438,280.7762
10473,33,12,319.08,0,264.1982,54.8818
10473,71,12,391.44,0,324.1123,67.3277
10474,14,12,295.8,0,244.9224,50.8776
10474,28,18,789.66,0,653.8385,135.8215
10474,40,21,374.22,0,309.8542,64.3658
10474,75,10,76.3,0,63.1764,13.1236
10475,31,35,374.7275,48.8775,269.8038,104.9237
10475,66,60,1189.56,155.16,924.3776,265.1824
10475,76,42,20042.0851,2614.1851,14430.3012,5611.7839
10476,55,2,79.044,3.764,62.3318,16.7122
10476,70,12,313.68,0,259.727,53.953
10477,1,15,316.65,0,262.1862,54.4638
10477,21,21,236.775,47.355,161.4655,75.3095
10477,39,20,1427.5,285.5,945.576,481.924
10478,10,20,138.6,6.6,109.296,29.304
10479,38,30,2492.1,0,2063.4588,428.6412
10479,53,28,1833.16,0,1517.8565,315.3035
10479,59,60,493.2,0,408.3696,84.8304
10479,64,30,1044.9,0,865.1772,179.7228
10480,47,30,780.3,0,646.0884,134.2116
10480,59,12,97.68,0,80.879,16.801
10481,49,24,454.8,0,386.2125,68.5875
10481,60,40,204.8,0,169.5744,35.2256
10482,40,10,175.9,0,152.0496,23.8504
10483,34,35,294,14,231.84,62.16
10483,77,30,443.205,21.105,349.4988,93.7062
10484,21,14,134.12,0,111.0514,23.0686
10484,40,10,184,0,152.352,31.648
10484,51,3,272.88,0,225.9446,46.9354
10485,2,20,383.68,34.88,288.8064,94.8736
10485,3,20,476.96,43.36,359.0208,117.9392
10485,55,30,1161.93,105.63,874.6164,287.3136
10485,70,60,1768.8,160.8,1331.424,437.376
10486,11,5,141.9,0,117.4932,24.4068
10486,51,25,2421.25,0,2004.795,416.455
10486,74,16,439.84,0,364.1875,75.6525
10487,19,5,48.45,0,40.1166,8.3334
10487,26,30,1002,0,829.656,172.344
10487,54,24,1008.3,201.66,667.8979,340.4021
10488,59,30,264,0,218.592,45.408
10488,73,20,29.04,4.84,20.0376,9.0024
10489,11,15,529.5,105.9,350.7408,178.7592
10489,16,18,159.84,0,132.3475,27.4925
10490,59,60,518.4,0,433.4823,84.9177
10490,68,30,398.7,0,341.6847,57.0153
10490,75,36,270,0,223.56,46.44
10491,44,15,1420.365,185.265,1022.6628,397.7022
10491,77,7,114.31,14.91,82.3032,32.0068
10492,25,60,868.14,41.34,684.5904,183.5496
10492,42,20,290.22,13.82,254.2259,35.9941
10493,65,15,156.585,14.235,117.8658,38.7192
10493,66,10,219.23,19.93,165.0204,54.2096
10493,69,10,20.57,1.87,15.4836,5.0864
10494,56,30,1061.1,0,878.5908,182.5092
10495,23,10,83.3,0,68.9724,14.3276
10495,41,20,204.4,0,169.2432,35.1568
10495,77,5,65.6,0,54.3168,11.2832
10496,31,20,171.57,8.17,135.2952,36.2748
10497,56,14,579.46,0,479.7929,99.6671
10497,72,25,278,0,230.184,47.816
10497,77,25,303,0,250.884,52.116
10498,24,14,68.6,0,56.8008,11.7992
10498,40,5,90,0,74.52,15.48
10498,42,30,453,0,375.084,77.916
10499,28,20,872.8,0,772.1489,100.6511
10499,49,25,476.5,0,394.542,81.958
10500,15,12,81.018,3.858,63.8885,17.1295
10500,28,8,394.128,18.768,310.7981,83.3299
10501,54,20,755.8,0,687.421,68.379
10502,45,21,210,0,173.88,36.12
10502,53,6,400.98,0,332.0114,68.9686
10502,67,30,1899.6,0,1572.8688,326.7312
10503,14,70,1743.7,0,1443.7836,299.9164
10503,65,20,197.4,0,181.1092,16.2908
10504,2,12,246,0,203.688,42.312
10504,21,12,129,0,106.812,22.188
10504,53,10,623.2,0,516.0096,107.1904
10504,61,25,650.5,0,538.614,111.886
10505,62,3,94.08,0,77.8982,16.1818
10506,25,18,292.446,26.586,220.1321,72.3139
10506,70,14,473.55,43.05,356.454,117.096
10507,43,15,196.8225,25.6725,141.7122,55.1103
10507,48,15,551.1375,71.8875,396.819,154.3185
10508,13,10,240.9,0,199.4652,41.4348
10508,39,10,640.2,0,530.0856,110.1144
10509,28,3,149.76,0,134.1337,15.6263
10510,29,36,4764.24,0,3944.7907,819.4493
10510,75,36,312.444,28.404,235.1851,77.2589
10511,4,50,1371.95,178.95,987.804,384.146
10511,7,50,2442.6,318.6,1758.672,683.928
10511,8,10,252.655,32.955,181.9116,70.7434
10512,24,10,52.9,6.9,38.088,14.812
10512,46,9,129.8925,16.9425,93.5226,36.3699
10512,47,6,183.885,23.985,132.3972,51.4878
10512,60,12,72.45,9.45,52.164,20.286
10513,21,40,475.68,79.28,328.2192,147.4608
10513,32,50,1079.4,179.9,744.786,334.614
10513,61,15,460.26,76.71,317.5794,142.6806
10514,20,39,3433.17,0,2842.6648,590.5052
10514,28,35,1618.05,0,1339.7454,278.3046
10514,56,70,2674.7,0,2214.6516,460.0484
10514,65,39,429,0,361.3885,67.6115
10514,75,50,368.5,0,305.118,63.382
10515,9,16,773.72,100.92,557.0784,216.6416
10515,16,50,434,0,359.352,74.648
10515,27,120,5004,0,4143.312,860.688
10515,33,16,515.384,67.224,371.0765,144.3075
10515,60,84,516.81,67.41,372.1032,144.7068
10516,18,25,749.375,68.125,564.075,185.3
10516,41,80,924,84,695.52,228.48
10516,42,20,291.4,0,261.3874,30.0126
10517,52,6,512.94,0,424.7143,88.2257
10517,59,4,33.2,0,27.4896,5.7104
10517,70,6,186.54,0,154.4551,32.0849
10518,24,5,21.65,0,17.9262,3.7238
10518,38,15,1150.35,0,952.4898,197.8602
10518,44,9,691.29,0,572.3881,118.9019
10519,10,16,126.84,6.04,100.0224,26.8176
10519,56,40,1629.2,0,1348.9776,280.2224
10519,60,10,53.655,2.555,42.3108,11.3442
10520,24,8,37.44,0,31.0003,6.4397
10520,53,5,284.5,0,235.566,48.934
10521,35,3,18.72,0,15.5002,3.2198
10521,41,10,96.3,0,79.7364,16.5636
10521,68,6,76.68,0,63.491,13.189
10522,1,40,1038.24,173.04,716.3856,321.8544
10522,8,24,502.32,0,415.921,86.399
10522,30,20,621.12,103.52,428.5728,192.5472
10522,40,25,547.5,91.25,377.775,169.725
10523,17,25,672.375,61.125,506.115,166.26
10523,20,15,1385.01,125.91,1042.5348,342.4752
10523,37,18,79.794,7.254,60.8305,18.9635
10523,41,6,68.64,6.24,51.6672,16.9728
10524,10,2,14.98,0,12.4034,2.5766
10524,30,10,272.5,0,225.63,46.87
10524,43,60,780,0,645.84,134.16
10524,54,15,513.45,0,425.1366,88.3134
10525,36,30,219.3,0,195.8452,23.4548
10525,40,15,304.59,27.69,229.2732,75.3168
10526,1,8,179.676,23.436,129.3667,50.3093
10526,13,10,262.4,0,217.2672,45.1328
10526,56,30,1438.305,187.605,1035.5796,402.7254
10527,4,50,1294.15,117.65,1038.547,255.603
10527,36,30,277.2,25.2,208.656,68.544
10528,11,3,88.11,0,72.9551,15.1549
10528,33,8,261.408,43.568,180.3715,81.0365
10528,72,9,95.94,0,79.4383,16.5017
10529,55,14,517.58,0,428.5562,89.0238
10529,68,20,274.6,0,227.3688,47.2312
10529,69,10,20.6,0,17.0568,3.5432
10530,17,40,968,0,801.504,166.496
10530,43,25,272.75,0,225.837,46.913
10530,61,20,554.2,0,448.902,105.298
10530,76,50,19557.5,0,15841.575,3715.925
10531,59,2,15.8,0,12.798,3.002
10532,30,15,369.9,0,299.619,70.281
10532,66,24,449.28,0,363.9168,85.3632
10533,4,50,1061.025,50.525,818.505,242.52
10533,72,24,264.72,0,214.4232,50.2968
10533,73,24,25.704,1.224,19.8288,5.8752
10534,30,10,263.1,0,213.111,49.989
10534,40,10,221.76,36.96,149.688,72.072
10534,54,10,443.4,73.9,299.295,144.105
10535,11,50,1556.5,141.5,1146.15,410.35
10535,40,10,213.4,19.4,157.14,56.26
10535,57,5,112.09,10.19,82.539,29.551
10535,59,15,126.39,11.49,93.069,33.321
10536,12,15,181.875,36.375,117.855,64.02
10536,31,20,178.2,0,144.342,33.858
10536,33,30,692.4,0,560.844,131.556
10536,60,35,213.0625,42.6125,138.0645,74.998
10537,31,30,240,0,194.4,45.6
10537,51,6,552.84,0,447.8004,105.0396
10537,58,20,1043.4,0,845.154,198.246
10537,72,21,233.52,0,189.1512,44.3688
10537,73,9,9.36,0,7.5816,1.7784
10538,70,7,212.52,0,172.1412,40.3788
10538,72,1,11.58,0,9.3798,2.2002
10539,13,8,199.12,0,161.2872,37.8328
10539,21,15,163.65,0,132.5565,31.0935
10539,33,15,414.6,0,335.826,78.774
10539,49,6,125.4,0,102.2553,23.1447
10540,3,60,1146,0,928.26,217.74
10540,26,40,1368.4,0,1108.404,259.996
10540,38,30,2527.2,0,2047.032,480.168
10540,68,35,456.4,0,369.684,86.716
10541,24,35,162.47,14.77,119.637,42.833
10541,38,4,340.824,30.984,250.9704,89.8536
10541,65,36,366.3,33.3,269.73,96.57
10541,71,9,274.329,24.939,202.0059,72.3231
10542,11,15,444.3075,21.1575,342.7515,101.556
10542,54,24,822.024,39.144,634.1328,187.8912
10543,12,30,358.8,46.8,252.72,106.08
10543,23,70,772.8,100.8,544.32,228.48
10544,28,7,304.15,0,246.3615,57.7885
10544,67,7,453.6,0,367.416,86.184
10545,11,10,263.7,0,219.9619,43.7381
10546,7,10,434.6,0,352.026,82.574
10546,35,30,181.8,0,147.258,34.542
10546,62,40,1180.4,0,956.124,224.276
10547,32,24,492.384,64.224,346.8096,145.5744
10547,36,60,514.8,0,416.988,97.812
10548,34,10,109.125,21.825,70.713,38.412
10548,41,14,146.72,0,118.8432,27.8768
10549,31,55,487.025,63.525,343.035,143.99
10549,45,100,1084.45,141.45,763.83,320.62
10549,51,48,5390.832,703.152,3797.0208,1593.8112
10550,17,8,225.632,20.512,166.1472,59.4848
10550,19,10,95.2,0,77.112,18.088
10550,21,6,62.7,5.7,46.17,16.53
10550,61,10,282.15,25.65,207.765,74.385
10551,16,40,391.46,51.06,275.724,115.736
10551,35,20,130.18,16.98,91.692,38.488
10551,44,40,2739.6,0,2219.076,520.524
10552,69,18,34.56,0,27.9936,6.5664
10552,75,30,214.8,0,173.988,40.812
10553,11,15,454.35,0,368.0235,86.3265
10553,16,14,127.82,0,103.5342,24.2858
10553,22,24,78.72,0,63.7632,14.9568
10553,31,30,248.1,0,200.961,47.139
10553,35,6,37.5,0,30.375,7.125
10554,16,30,309.015,14.715,238.383,70.632
10554,23,20,197.82,9.42,152.604,45.216
10554,62,20,562.8,26.8,434.16,128.64
10554,77,10,143.01,6.81,110.322,32.688
10555,14,30,772.56,128.76,521.478,251.082
10555,19,35,357,59.5,240.975,116.025
10555,24,18,88.56,14.76,59.778,28.782
10555,51,20,2441.04,406.84,1647.702,793.338
10555,56,40,1915.2,319.2,1292.76,622.44
10556,72,24,281.28,0,227.8368,53.4432
10557,64,30,1084.5,0,878.445,206.055
10557,75,20,157.6,0,127.656,29.944
10558,47,25,619,0,501.39,117.61
10558,51,20,1828.6,0,1588.9367,239.6633
10558,52,30,2554.2,0,2068.902,485.298
10558,53,18,1013.94,0,821.2914,192.6486
10558,73,3,2.97,0,2.4057,0.5643
10559,41,12,109.872,5.232,84.7584,25.1136
10559,55,18,736.344,35.064,568.0368,168.3072
10560,30,20,512.4,0,415.044,97.356
10560,62,15,585,117,379.08,205.92
10561,44,10,688.9,0,558.009,130.891
10561,51,50,5042.5,0,4084.425,958.075
10562,33,20,579.04,52.64,426.384,152.656
10562,62,10,320.32,29.12,235.872,84.448
10563,36,25,202,0,163.62,38.38
10563,52,70,5688.9,0,4608.009,1080.891
10564,17,16,422.352,20.112,325.8144,96.5376
10564,31,6,48.51,2.31,37.422,11.088
10564,55,25,930.5625,44.3125,717.8625,212.7
10565,24,25,121.825,11.075,89.7075,32.1175
10565,64,18,697.752,63.432,513.7992,183.9528
10566,11,35,1054.55,137.55,742.77,311.78
10566,18,18,545.652,71.172,384.3288,161.3232
10566,76,10,3986.3,0,3228.903,757.397
10567,31,60,624.24,104.04,421.362,202.878
10567,51,3,324.06,0,262.4886,61.5714
10567,59,40,386.88,64.48,261.8772,125.0028
10568,10,5,32.45,0,26.2845,6.1655
10569,31,35,358.26,59.71,265.7266,92.5334
10569,76,30,11229.9,0,9096.219,2133.681
10570,11,15,484.785,23.085,373.977,110.808
10570,56,60,2530.71,120.51,1952.262,578.448
10571,14,11,278.1735,36.2835,195.9309,82.2426
10571,42,28,435.988,56.868,307.0872,128.9008
10572,16,12,131.736,11.976,97.0056,34.7304
10572,32,10,223.96,20.36,164.916,59.044
10572,40,50,971.5,0,786.915,184.585
10572,75,15,137.28,12.48,101.088,36.192
10573,17,18,438.66,0,355.3146,83.3454
10573,34,40,295.2,0,239.112,56.088
10573,53,25,1640.25,0,1328.6025,311.6475
10574,33,14,387.1,0,313.551,73.549
10574,40,2,38.58,0,31.2498,7.3302
10574,62,10,300.3,0,243.243,57.057
10574,64,6,212.88,0,172.4328,40.4472
10575,59,12,112.08,0,90.7848,21.2952
10575,63,6,118.26,0,95.7906,22.4694
10575,72,30,335.1,0,271.431,63.669
10575,76,10,4060.8,0,3533.3719,527.4281
10576,1,10,219.4,0,177.714,41.686
10576,31,20,165,0,143.5829,21.4171
10576,44,21,1611.96,0,1305.6876,306.2724
10577,39,10,627.2,0,508.032,119.168
10577,75,20,167.2,0,135.432,31.768
10577,77,18,215.1,0,177.8927,37.2073
10578,35,20,129.4,0,104.814,24.586
10578,57,6,117.78,0,100.1533,17.6267
10579,15,10,70.9,0,57.429,13.471
10579,75,21,165.27,0,133.8687,31.4013
10580,14,15,363.3525,17.3025,280.3005,83.052
10580,41,9,92.043,4.383,72.8989,19.1441
10580,65,30,292.32,13.92,241.3001,51.0199
10581,75,50,467.4,77.9,315.495,151.905
10582,57,4,70.64,0,57.2184,13.4216
10582,76,14,5523.28,0,4473.8568,1049.4232
10583,29,10,1157.6,0,937.656,219.944
10583,60,24,141.312,18.432,99.5328,41.7792
10583,69,10,22.195,2.895,15.633,6.562
10584,31,50,480.375,22.875,373.3369,107.0381
10585,47,15,375.6,0,304.236,71.364
10586,52,4,375.406,48.966,264.4164,110.9896
10587,26,6,199.74,0,161.7894,37.9506
10587,35,20,128.4,0,104.004,24.396
10587,77,20,246.4,0,200.0158,46.3842
10588,18,40,1262.4,210.4,852.12,410.28
10588,42,100,1669.2,278.2,1126.71,542.49
10589,35,4,24.32,0,19.6992,4.6208
10590,1,20,403.6,0,326.916,76.684
10590,77,60,885.78,42.18,683.316,202.464
10591,3,14,272.72,0,220.9032,51.8168
10591,7,10,385.6,0,312.336,73.264
10591,54,50,1851,0,1499.31,351.69
10592,15,25,155.4,7.4,119.88,35.52
10592,26,5,151.515,7.215,116.883,34.632
10593,20,21,2096.388,349.398,1415.0619,681.3261
10593,69,20,47.04,7.84,31.752,15.288
10593,76,4,2010.96,335.16,1482.5368,528.4232
10594,52,24,1964.16,0,1590.9696,373.1904
10594,58,30,1368.9,0,1108.809,260.091
10595,35,30,219.75,43.95,142.398,77.352
10595,61,120,3897,779.4,2525.256,1371.744
10595,69,65,146.25,29.25,94.77,51.48
10596,56,5,215.46,35.91,145.4355,70.0245
10596,63,24,543.168,90.528,400.7124,142.4556
10596,75,30,268.92,44.82,181.521,87.399
10597,24,35,206.64,34.44,139.482,67.158
10597,57,20,363.6,0,294.516,69.084
10597,65,12,136.512,22.752,102.2684,34.2436
10598,27,50,2074.5,0,1680.345,394.155
10598,71,9,255.96,0,207.3276,48.6324
10599,62,10,305.1,0,247.131,57.969
10600,54,4,141.44,0,114.5664,26.8736
10600,73,30,35.1,0,28.431,6.669
10601,13,60,1422,0,1151.82,270.18
10601,59,35,303.1,0,245.511,57.589
10602,77,5,81.8125,16.3625,53.0145,28.798
10603,22,48,159.84,0,129.4704,30.3696
10603,49,25,507.4125,24.1625,391.4325,115.98
10604,48,6,220.506,20.046,162.3726,58.1334
10604,76,10,4068.24,369.84,2995.704,1072.536
10605,16,30,297.99,14.19,229.878,68.112
10605,59,20,166.95,7.95,128.79,38.16
10605,60,70,399.84,19.04,308.448,91.392
10605,71,15,508.5675,24.2175,392.3235,116.244
10606,4,20,548.64,91.44,370.332,178.308
10606,55,20,1002.48,167.08,676.674,325.806
10606,62,10,351.72,58.62,238.0051,113.7149
10607,7,45,1629.45,0,1319.8545,309.5955
10607,17,100,2436,0,1973.16,462.84
10607,33,14,340.2,0,275.562,64.638
10607,40,42,700.14,0,567.1134,133.0266
10607,72,12,150.6,0,121.986,28.614
10608,56,28,1155.28,0,935.7768,219.5032
10609,1,3,55.5,0,44.955,10.545
10609,10,10,65.7,0,53.217,12.483
10609,21,6,64.14,0,51.9534,12.1866
10610,36,21,198.975,39.795,128.9358,70.0392
10611,1,6,118.5,0,95.985,22.515
10611,2,10,205.5,0,166.455,39.045
10611,60,15,79.2,0,64.152,15.048
10612,10,70,497,0,402.57,94.43
10612,36,55,400.95,0,324.7695,76.1805
10612,49,18,324,0,262.44,61.56
10612,60,40,182.8,0,148.068,34.732
10612,76,80,32075.2,0,25980.912,6094.288
10613,13,8,241.12,21.92,177.552,63.568
10613,75,40,340.8,0,276.048,64.752
10614,11,14,365.54,0,296.0874,69.4526
10614,21,8,87.36,0,70.7616,16.5984
10614,39,5,298.05,0,241.4205,56.6295
10615,55,5,209.25,0,169.4925,39.7575
10616,38,15,1191.8025,56.7525,964.3387,227.4638
10616,56,14,561.54,0,454.8474,106.6926
10616,70,15,416.43,19.83,321.246,95.184
10616,71,15,477.0675,22.7175,368.0235,109.044
10617,59,30,301.875,39.375,212.625,89.25
10618,6,70,270.9,0,219.429,51.471
10618,56,20,832,0,673.92,158.08
10618,68,15,184.95,0,149.8095,35.1405
10619,21,42,383.88,0,310.9428,72.9372
10619,22,40,130.8,0,105.948,24.852
10620,24,5,22.05,0,17.8605,4.1895
10620,52,5,415.4,0,336.474,78.926
10621,19,5,49.45,0,40.0545,9.3955
10621,23,10,96.4,0,78.084,18.316
10621,70,20,546.8,0,442.908,103.892
10621,71,15,487.05,0,394.5105,92.5395
10622,2,20,355.2,0,287.712,67.488
10622,68,18,279.288,46.548,208.8587,70.4293
10623,14,21,508.41,0,449.9168,58.4932
10623,19,15,154.275,14.025,113.6025,40.6725
10623,21,25,276.375,25.125,203.5125,72.8625
10623,24,3,13.11,0,10.6191,2.4909
10623,35,30,202.29,18.39,148.959,53.331
10624,28,10,448.6,0,363.366,85.234
10624,29,6,725.7,0,587.817,137.883
10624,44,10,825.4,0,668.574,156.826
10625,14,3,72.75,0,58.9275,13.8225
10625,42,5,74.6,0,60.426,14.174
10625,60,10,48.7,0,39.447,9.253
10626,53,12,761.28,0,616.6368,144.6432
10626,60,20,99,0,80.19,18.81
10626,71,20,663.2,0,537.192,126.008
10627,62,15,460.8,0,373.248,87.552
10627,73,35,47.495,6.195,33.9156,13.5794
10628,1,25,455.75,0,369.1575,86.5925
10629,29,20,2389.8,0,1935.738,454.062
10629,64,9,274.05,0,221.9805,52.0695
10630,55,12,444.528,21.168,354.6635,89.8645
10630,76,35,14078.05,0,11403.2205,2674.8295
10631,75,8,61.864,5.624,45.5544,16.3096
10632,2,30,607.005,28.905,468.261,138.744
10632,33,20,522.48,24.88,403.056,119.424
10633,12,36,403.236,52.596,284.0184,119.2176
10633,13,13,361.192,47.112,254.4048,106.7872
10633,26,35,1284.3775,167.5275,904.6485,379.729
10633,62,80,2668,348,1879.2,788.8
10634,7,35,1290.45,0,1045.2645,245.1855
10634,18,50,1381.5,0,1119.015,262.485
10634,51,15,1514.85,0,1227.0285,287.8215
10634,75,2,15.08,0,12.2148,2.8652
10635,4,10,263.01,23.91,193.671,69.339
10635,5,15,95.535,8.685,70.3485,25.1865
10635,22,40,129.2,0,104.652,24.548
10636,4,25,515.75,0,417.7575,97.9925
10636,58,6,285.78,0,231.4818,54.2982
10637,11,10,267.7,0,216.837,50.863
10637,50,25,416.0625,19.8125,320.9625,95.1
10637,56,60,2314.62,110.22,1785.564,529.056
10638,45,20,177.2,0,143.532,33.668
10638,65,21,212.94,0,172.4814,40.4586
10638,72,60,646.2,0,523.422,122.778
10639,18,8,193.36,0,156.6216,36.7384
10640,69,20,46,9.2,29.808,16.192
10640,70,15,516,103.2,334.368,181.632
10641,2,50,929,0,752.49,176.51
10641,40,60,1187.4,0,961.794,225.606
10642,21,30,381.24,63.54,257.337,123.903
10642,61,20,643.92,107.32,434.646,209.274
10643,28,15,873,174.6,565.704,307.296
10643,39,21,1478.4,295.68,958.0032,520.3968
10643,46,2,27.875,5.575,18.063,9.812
10644,18,4,114.224,10.384,84.1104,30.1136
10644,43,20,262,0,212.22,49.78
10644,46,21,300.3,27.3,221.13,79.17
10645,18,20,525.2,0,425.412,99.788
10645,36,15,118.95,0,96.3495,22.6005
10646,1,15,364.6875,72.9375,236.3175,128.37
10646,10,18,142.875,28.575,92.583,50.292
10646,71,30,1125,225,729,396
10646,77,35,576.1875,115.2375,373.3695,202.818
10647,19,30,271.2,0,219.672,51.528
10647,39,20,1264,0,1023.84,240.16
10648,22,15,52.65,0,42.6465,10.0035
10648,24,15,83.6625,10.9125,58.9275,24.735
10649,28,20,948.6,0,768.366,180.234
10649,72,15,182.85,0,148.1085,34.7415
10650,30,30,825.3,0,668.493,156.807
10650,53,25,1635.375,77.875,1261.575,373.8
10650,54,30,1060.5,0,859.005,201.495
10651,19,12,137.25,27.45,94.8332,42.4168
10651,22,20,88.75,17.75,57.51,31.24
10652,30,2,65.6,13.12,42.5088,23.0912
10652,42,20,267.6,0,216.756,50.844
10653,16,30,329.01,29.91,242.271,86.739
10653,60,20,108.9,9.9,80.19,28.71
10654,4,12,296.604,26.964,225.25,71.354
10654,39,20,1397.88,127.08,1029.348,368.532
10654,54,6,212.85,19.35,156.735,56.115
10655,41,20,251.28,41.88,169.614,81.666
10656,14,3,82.929,7.539,61.6287,21.3003
10656,44,28,2095.016,190.456,1542.6936,552.3224
10656,47,6,156.618,14.238,115.3278,41.2902
10657,15,50,313.5,0,253.935,59.565
10657,41,24,245.04,0,198.4824,46.5576
10657,46,45,584.1,0,473.121,110.979
10657,47,10,253.2,0,205.092,48.108
10657,56,45,1809.45,0,1465.6545,343.7955
10657,60,30,144.6,0,117.126,27.474
10658,21,60,582,0,471.42,110.58
10658,40,70,1462.65,69.65,1128.33,334.32
10658,60,55,265.65,12.65,204.93,60.72
10658,77,70,937.86,44.66,723.492,214.368
10659,31,20,173.04,8.24,133.488,39.552
10659,40,24,490.14,23.34,378.108,112.032
10659,70,40,1098.72,52.32,847.584,251.136
10660,20,21,1817.55,0,1472.2155,345.3345
10661,39,3,236.268,39.378,159.4809,76.7871
10661,58,49,3075.24,512.54,2075.787,999.453
10662,68,10,129.1,0,104.571,24.529
10663,40,30,609.21,29.01,469.962,139.248
10663,42,30,464.94,22.14,366.7775,98.1625
10663,51,20,2033.43,96.83,1568.646,464.784
10664,10,24,189.06,24.66,133.164,55.896
10664,56,12,573.528,74.808,403.9632,169.5648
10664,65,15,171.6375,22.3875,120.8925,50.745
10665,51,20,1880.6,0,1523.286,357.314
10665,59,1,8.03,0,6.5043,1.5257
10665,76,10,3610.5,0,2924.505,685.995
10666,29,36,4708.8,0,3814.128,894.672
10666,65,10,110.4,0,89.424,20.976
10667,69,45,116.64,19.44,78.732,37.908
10667,71,14,522.648,87.108,352.7874,169.8606
10668,31,8,71.896,6.536,52.9416,18.9544
10668,55,4,181.28,16.48,133.488,47.792
10668,64,15,596.805,54.255,461.1145,135.6905
10669,36,30,241.8,0,195.858,45.942
10670,23,32,274.88,0,222.6528,52.2272
10670,46,60,745.8,0,667.4509,78.3491
10670,67,25,1468.25,0,1189.2825,278.9675
10670,73,50,56.5,0,45.765,10.735
10670,75,25,184.5,0,149.445,35.055
10671,16,10,101,0,81.81,19.19
10671,62,10,273.5,0,221.535,51.965
10671,65,12,121.92,0,98.7552,23.1648
10672,38,15,1367.85,124.35,1094.7984,273.0516
10672,71,12,389.64,0,315.6084,74.0316
10673,16,3,29.01,0,23.4981,5.5119
10673,42,6,81.18,0,65.7558,15.4242
10673,43,6,74.34,0,63.9842,10.3558
10674,23,5,48.55,0,39.3255,9.2245
10675,14,30,653.7,0,529.497,124.203
10675,53,10,661.8,0,536.058,125.742
10675,58,30,1337.7,0,1083.537,254.163
10676,10,2,12.96,0,10.4976,2.4624
10676,19,7,67.55,0,56.0862,11.4638
10676,44,21,1565.76,0,1268.2656,297.4944
10677,26,30,1158.51,151.11,815.994,342.516
10677,33,8,243.892,31.812,171.7848,72.1072
10678,12,100,960,0,777.6,182.4
10678,33,30,756,0,612.36,143.64
10678,41,120,1215.6,0,984.636,230.964
10678,54,30,1074.3,0,870.183,204.117
10679,59,12,102.12,0,82.7172,19.4028
10680,16,50,533.125,106.625,345.465,187.66
10680,31,20,195.25,39.05,126.522,68.728
10680,42,40,693.5,138.7,449.388,244.112
10681,19,30,319.77,29.07,256.1847,63.5853
10681,21,12,122.364,11.124,90.1044,32.2596
10681,64,28,899.36,0,728.4816,170.8784
10682,33,30,764.1,0,618.921,145.179
10682,66,4,74.16,0,60.0696,14.0904
10682,75,30,247.5,0,200.475,47.025
10683,52,9,688.41,0,557.6121,130.7979
10684,40,20,364.8,0,295.488,69.312
10684,47,40,1051.6,0,851.796,199.804
10684,60,30,164.7,0,133.407,31.293
10685,10,20,150.6,0,121.986,28.614
10685,41,4,36.84,0,29.8404,6.9996
10685,47,15,375.3,0,303.993,71.307
10686,17,30,813.6,135.6,549.18,264.42
10686,26,15,443.25,0,359.0325,84.2175
10687,9,50,2573.125,514.625,1667.385,905.74
10687,29,10,1321.2,0,1070.172,251.028
10687,36,6,58.05,11.61,37.6164,20.4336
10688,10,18,140.184,12.744,103.2264,36.9576
10688,28,60,2856.48,259.68,2103.408,753.072
10688,34,14,111.86,0,90.6066,21.2534
10689,1,35,804.125,160.825,521.073,283.052
10690,56,20,1026.25,205.25,665.01,361.24
10690,77,30,502.5,100.5,325.62,176.88
10691,1,30,639,0,517.59,121.41
10691,29,40,4824.8,0,3908.088,916.712
10691,43,40,457.6,0,370.656,86.944
10691,44,24,1781.04,0,1442.6424,338.3976
10691,62,48,1326.24,0,1074.2544,251.9856
10692,63,20,385,0,322.9932,62.0068
10693,9,6,211.8,0,182.4293,29.3707
10693,54,60,2555.76,333.36,1800.144,755.616
10693,69,30,74.865,9.765,52.731,22.134
10693,73,15,20.355,2.655,14.337,6.018
10694,7,90,3359.7,0,2721.357,638.343
10694,59,25,202.5,0,164.025,38.475
10694,70,50,1350.5,0,1093.905,256.595
10695,8,10,182,0,147.42,34.58
10695,12,4,39.28,0,31.8168,7.4632
10695,24,20,98.4,0,79.704,18.696
10696,17,20,509.6,0,412.776,96.824
10696,46,18,216.36,0,175.2516,41.1084
10697,19,7,73.675,14.735,47.7414,25.9336
10697,35,9,67.6125,13.5225,43.8129,23.7996
10697,58,30,1641.75,328.35,1063.854,577.896
10697,70,30,1040.625,208.125,674.325,366.3
10698,11,15,392.55,0,348.3246,44.2254
10698,17,8,201.348,9.588,155.3256,46.0224
10698,29,12,1570.842,74.802,1211.7924,359.0496
10698,65,65,687.96,32.76,530.712,157.248
10698,70,8,250.908,11.948,193.5576,57.3504
10699,47,12,286.56,0,232.1136,54.4464
10700,1,5,121.86,20.31,82.2555,39.6045
10700,34,12,125.856,20.976,84.9528,40.9032
10700,68,40,649.44,108.24,438.372,211.068
10700,71,60,2067.84,344.64,1395.792,672.048
10701,59,42,420.693,54.873,296.3142,124.3788
10701,71,20,739.68,96.48,520.992,218.688
10701,76,35,14456.1901,1885.5901,10182.186,4274.0041
10702,3,6,120.96,0,97.9776,22.9824
10702,76,15,6430.35,0,5208.5835,1221.7665
10703,2,5,92.8,0,75.168,17.632
10703,59,35,310.8,0,251.748,59.052
10703,73,35,38.15,0,30.9015,7.2485
10704,4,6,144.84,0,117.3204,27.5196
10704,24,35,160.3,0,129.843,30.457
10704,48,24,712.08,0,576.7848,135.2952
10705,31,20,183,0,148.23,34.77
10705,32,4,78.72,0,69.1053,9.6147
10706,16,20,179.2,0,145.152,34.048
10706,43,24,281.76,0,228.2256,53.5344
10706,59,8,68.24,0,55.2744,12.9656
10707,55,21,878.01,0,711.1881,166.8219
10707,57,40,764.4,0,619.164,145.236
10707,70,28,953.764,124.404,671.7816,281.9824
10708,5,4,21.64,0,17.5284,4.1116
10708,36,5,41.9,0,33.939,7.961
10709,8,40,813.2,0,658.692,154.508
10709,51,28,2561.44,0,2074.7664,486.6736
10709,60,10,49.1,0,39.771,9.329
10710,19,5,42.25,0,34.2225,8.0275
10710,47,5,131.55,0,106.5555,24.9945
10711,19,12,105.24,0,92.9528,12.2872
10711,41,42,393.96,0,319.1076,74.8524
10711,53,120,7548,0,6113.88,1434.12
10712,53,3,185.535,8.835,148.9353,36.5997
10712,56,30,1068.6,0,865.566,203.034
10713,10,18,116.28,0,94.1868,22.0932
10713,26,30,941.7,0,762.777,178.923
10713,45,110,1129.7,0,989.4563,140.2437
10713,46,24,273.84,0,221.8104,52.0296
10714,2,30,653.25,130.65,423.306,229.944
10714,17,27,816.4125,163.2825,529.0353,287.3772
10714,47,50,1746.875,349.375,1131.975,614.9
10714,56,18,775.8,155.16,502.7184,273.0816
10714,58,12,651.9,130.38,422.4312,229.4688
10715,10,21,137.76,0,111.5856,26.1744
10715,71,30,953.7,0,772.497,181.203
10716,21,5,48.7,0,39.447,9.253
10716,51,7,730.52,0,591.7212,138.7988
10716,61,10,255.7,0,229.533,26.167
10717,21,32,339.696,16.176,262.0512,77.6448
10717,54,15,523.65,0,424.1565,99.4935
10717,69,25,50.1375,2.3875,38.6775,11.46
10718,12,36,363.96,0,294.8076,69.1524
10718,16,20,181.4,0,146.934,34.466
10718,36,40,314,0,254.34,59.66
10718,62,20,603.2,0,488.592,114.608
10719,18,12,408.45,81.69,264.6756,143.7744
10719,30,3,100.65,20.13,70.1569,30.4931
10719,54,40,1712.5,342.5,1109.7,602.8
10720,35,21,138.18,0,111.9258,26.2542
10720,71,8,238.24,0,192.9744,45.2656
10721,44,50,3967.425,188.925,3060.585,906.84
10722,2,3,58.41,0,47.3121,11.0979
10722,31,50,392.5,0,317.925,74.575
10722,68,45,527.85,0,432.4704,95.3796
10722,75,42,309.12,0,250.3872,58.7328
10723,26,15,480.75,0,389.4075,91.3425
10724,10,16,123.04,0,99.6624,23.3776
10724,61,5,134.1,0,108.621,25.479
10725,41,12,123.36,0,99.9216,23.4384
10725,52,4,290.84,0,235.5804,55.2596
10725,55,6,249.6,0,202.176,47.424
10726,4,25,565.5,0,458.055,107.445
10726,11,5,146.95,0,119.0295,27.9205
10727,17,20,577.08,27.48,445.2786,131.8014
10727,56,10,435.435,20.735,335.907,99.528
10727,59,10,86.625,4.125,66.825,19.8
10728,30,15,356.25,0,288.5625,67.6875
10728,40,6,106.92,0,86.6052,20.3148
10728,55,12,450.84,0,365.1804,85.6596
10728,60,15,79.95,0,64.7595,15.1905
10729,1,50,1026,0,831.06,194.94
10729,21,30,284.7,0,230.607,54.093
10729,50,40,660.4,0,534.924,125.476
10730,16,15,137.8125,6.5625,106.3125,31.5
10730,31,3,27.468,1.308,21.1896,6.2784
10730,65,10,95.13,4.53,73.386,21.744
10731,21,40,412.02,19.62,317.844,94.176
10731,51,30,2959.74,140.94,2283.228,676.512
10732,76,20,8250,0,6682.5,1567.5
10733,14,16,348.32,0,282.1392,66.1808
10733,28,20,998.8,0,809.028,189.772
10733,52,25,2147.5,0,1739.475,408.025
10734,6,30,120.9,0,97.929,22.971
10734,30,15,351.3,0,287.0694,64.2306
10734,76,20,8252.4,0,6862.0993,1390.3007
10735,61,20,570.46,51.86,420.066,150.394
10735,77,2,27.61,2.51,20.331,7.279
10736,65,40,374,0,302.94,71.06
10736,75,20,151,0,122.31,28.69
10737,13,4,102.24,0,83.8444,18.3956
10737,41,12,121.44,0,98.3664,23.0736
10738,16,3,25.98,0,21.0438,4.9362
10739,36,6,44.76,0,36.2556,8.5044
10739,52,18,1431.72,0,1159.6932,272.0268
10740,28,5,252.66,42.11,170.5455,82.1145
10740,35,35,252,42,170.1,81.9
10740,45,40,447.84,74.64,302.292,145.548
10740,56,14,665.952,110.992,449.5176,216.4344
10741,2,15,324.54,54.09,219.0645,105.4755
10742,3,20,394,0,319.14,74.86
10742,60,50,267.5,0,216.675,50.825
10742,72,35,393.75,0,344.6742,49.0758
10743,46,28,383.082,18.242,295.5204,87.5616
10744,40,50,1187.4,197.9,801.495,385.905
10745,18,24,659.04,0,533.8224,125.2176
10745,44,16,1146.08,0,928.3248,217.7552
10745,59,45,391.05,0,316.7505,74.2995
10745,72,7,85.12,0,68.9472,16.1728
10746,13,6,144.48,0,117.0288,27.4512
10746,42,28,416.36,0,337.2516,79.1084
10746,62,9,256.32,0,207.6192,48.7008
10746,69,40,82.8,0,67.068,15.732
10747,31,8,65.92,0,53.3952,12.5248
10747,41,35,316.75,0,256.5675,60.1825
10747,63,9,184.5,0,149.445,35.055
10747,69,30,63.9,0,51.759,12.141
10748,23,44,419.76,0,340.0056,79.7544
10748,40,40,720.4,0,609.9546,110.4454
10748,56,28,1034.88,0,838.2528,196.6272
10749,56,15,612.15,0,495.8415,116.3085
10749,59,6,52.8,0,42.768,10.032
10749,76,10,4192.3,0,3395.763,796.537
10750,14,5,125.1775,16.3275,88.1685,37.009
10750,45,40,405.72,52.92,285.768,119.952
10750,59,25,260.1875,33.9375,183.2625,76.925
10751,26,12,402.204,36.564,296.1684,106.0356
10751,30,30,708.3,0,573.723,134.577
10751,50,20,330.44,30.04,243.324,87.116
10751,73,15,15.6,0,12.636,2.964
10752,1,8,144.16,0,116.7696,27.3904
10752,69,3,6.57,0,5.3217,1.2483
10753,45,4,35.88,0,29.0628,6.8172
10753,74,5,163.8,0,132.678,31.122
10754,40,3,51.63,0,41.8203,9.8097
10755,47,30,1044.75,208.95,676.998,367.752
10755,56,30,1558.5,311.7,1110.5796,447.9204
10755,57,14,359.1,71.82,232.6968,126.4032
10755,69,25,62.1875,12.4375,40.2975,21.89
10756,18,21,643.608,107.268,473.5875,170.0205
10756,36,20,177.84,29.64,120.042,57.798
10756,68,6,83.52,13.92,56.376,27.144
10756,69,20,51.6,8.6,34.83,16.77
10757,34,30,232.5,0,188.325,44.175
10757,59,7,54.74,0,44.3394,10.4006
10757,62,30,838.8,0,679.428,159.372
10757,64,24,848.4,0,732.5683,115.8317
10758,26,20,577.4,0,499.8365,77.5635
10758,52,60,4579.2,0,3709.152,870.048
10758,70,40,1230,0,996.3,233.7
10759,32,10,198.5,0,160.785,37.715
10760,25,12,192,38.4,129.195,62.805
10760,27,40,1592,0,1375.6069,216.3931
10760,43,30,464.25,92.85,300.834,163.416
10761,25,35,622.5625,124.5125,403.4205,219.142
10761,75,18,136.98,0,110.9538,26.0262
10762,39,16,875.2,0,708.912,166.288
10762,47,30,703.5,0,569.835,133.665
10762,51,28,2742.6,0,2221.506,521.094
10762,56,60,2187.6,0,1771.956,415.644
10763,21,40,423.6,0,343.116,80.484
10763,22,6,21.96,0,17.7876,4.1724
10763,24,20,87.4,0,70.794,16.606
10764,3,20,440,40,324,116
10764,39,130,7797.79,708.89,5742.009,2055.781
10765,65,80,842.16,76.56,620.136,222.024
10766,2,40,788,0,677.6011,110.3989
10766,7,35,1318.8,0,1068.228,250.572
10766,68,40,464.4,0,376.164,88.236
10767,42,2,26.7,0,21.627,5.073
10768,22,4,13.68,0,11.0808,2.5992
10768,31,50,423,0,348.123,74.877
10768,60,15,68.85,0,55.7685,13.0815
10768,71,12,381.12,0,308.7072,72.4128
10769,41,30,283.185,13.485,218.457,64.728
10769,52,15,1284.4125,61.1625,990.8325,293.58
10769,61,20,542.2,0,439.182,103.018
10769,62,15,462.45,0,374.5845,87.8655
10770,11,15,476.25,95.25,308.61,167.64
10771,71,16,486.88,0,394.3728,92.5072
10772,29,18,2206.44,0,1787.2164,419.2236
10772,59,25,208.5,0,168.885,39.615
10773,17,33,856.02,0,693.3762,162.6438
10773,31,70,761.88,126.98,514.269,247.611
10773,75,7,61.824,10.304,41.7312,20.0928
10774,31,2,19.7,3.94,12.7656,6.9344
10774,66,50,923,0,747.63,175.37
10775,10,6,38.82,0,31.6551,7.1649
10775,67,3,171.03,0,138.5343,32.4957
10776,31,16,133.56,6.36,110.5601,22.9999
10776,42,12,186.732,8.892,144.0504,42.6816
10776,45,27,258.2685,12.2985,199.2357,59.0328
10776,51,120,11665.08,555.48,8998.776,2666.304
10777,42,20,360.96,60.16,243.648,117.312
10778,41,10,90.6,0,73.386,17.214
10779,16,20,192,0,155.52,36.48
10779,62,20,604.6,0,502.3099,102.2901
10780,70,35,1005.9,0,814.779,191.121
10780,77,15,186.45,0,151.0245,35.4255
10781,54,3,136.188,22.698,91.9269,44.2611
10781,56,20,977.04,162.84,659.502,317.538
10781,74,35,1043.7,0,845.397,198.303
10782,31,1,8.19,0,6.6339,1.5561
10783,31,10,81.6,0,66.096,15.504
10783,38,5,372.25,0,313.7997,58.4503
10784,36,30,238.2,0,192.942,45.258
10784,39,2,141.036,18.396,99.3384,41.6976
10784,72,30,387.435,50.535,272.889,114.546
10785,10,10,64.2,0,52.002,12.198
10785,75,10,80.4,0,65.124,15.276
10786,8,30,662.4,110.4,447.12,215.28
10786,30,15,503.46,83.91,339.8355,163.6245
10786,75,42,352.8,58.8,238.14,114.66
10787,2,15,301.2975,14.3475,251.1539,50.1436
10787,29,20,2642.01,125.81,2038.122,603.888
10788,19,50,499.275,23.775,385.155,114.12
10788,75,40,351.54,16.74,271.188,80.352
10789,18,30,696,0,594.7627,101.2373
10789,35,15,87.9,0,71.199,16.701
10789,63,30,572.1,0,463.401,108.699
10789,68,18,224.82,0,182.1042,42.7158
10790,7,3,134.205,17.505,94.527,39.678
10790,56,20,838.12,109.32,590.328,247.792
10791,29,14,1692.558,80.598,1305.6876,386.8704
10791,41,20,202.23,9.63,160.8241,41.4059
10792,2,10,191.7,0,155.277,36.423
10792,54,3,113.7,0,92.097,21.603
10792,68,15,189.9,0,153.819,36.081
10793,41,14,125.86,0,101.9466,23.9134
10793,52,8,675.92,0,547.4952,128.4248
10794,14,15,432,72,291.6,140.4
10794,54,6,239.4,39.9,161.595,77.805
10795,16,65,668.2,0,541.242,126.958
10795,17,35,1029.875,205.975,667.359,362.516
10796,26,21,710.388,118.398,505.036,205.352
10796,44,10,713.9,0,578.259,135.641
10796,64,35,1524.18,254.03,1028.8215,495.3585
10796,69,24,60.768,10.128,41.0184,19.7496
10797,11,20,584.2,0,473.202,110.998
10798,62,2,56.52,0,45.7812,10.7388
10798,72,10,118,0,95.58,22.42
10799,13,20,532.91,69.51,375.354,157.556
10799,24,20,105.11,13.71,74.034,31.076
10799,59,25,227.25,0,184.0725,43.1775
10800,11,50,1600.5,145.5,1178.55,421.95
10800,51,10,1104.18,100.38,828.6221,275.5579
10800,54,7,249.095,22.645,183.4245,65.6705
10801,17,40,1247,249.4,808.056,438.944
10801,29,20,3298.5,659.7,2137.428,1161.072
10802,30,25,812.1875,162.4375,574.1388,238.0487
10802,51,30,4031.625,806.325,2612.493,1419.132
10802,55,60,2872.5,574.5,1861.38,1011.12
10802,62,5,175.3125,35.0625,114.0794,61.2331
10803,19,24,233.856,11.136,180.4032,53.4528
10803,25,15,223.1775,10.6275,172.1655,51.012
10803,59,15,130.095,6.195,100.359,29.736
10804,10,36,255.6,0,207.036,48.564
10804,28,24,1090.32,0,883.1592,207.1608
10804,49,4,86.71,11.31,61.074,25.636
10805,34,10,77,0,62.37,14.63
10805,38,10,848.9,0,687.609,161.291
10806,2,20,476.5,95.3,308.772,167.728
10806,65,2,18.94,0,15.3414,3.5986
10806,74,15,540.5625,108.1125,350.2845,190.278
10807,40,1,20.11,0,17.4058,2.7042
10808,56,20,894.24,116.64,629.856,264.384
10808,76,50,21077.2001,2749.2001,14845.68,6231.5201
10809,52,20,1454.8,0,1178.388,276.412
10810,13,7,173.32,0,140.3892,32.9308
10810,25,5,67.15,0,54.3915,12.7585
10810,70,5,132.45,0,107.2845,25.1655
10811,19,15,141.9,0,114.939,26.961
10811,23,18,178.2,0,144.342,33.858
10811,40,30,523.8,0,424.278,99.522
10812,31,16,155.76,14.16,122.2674,33.4926
10812,72,40,551.32,50.12,405.972,145.348
10812,77,20,275.2,0,222.912,52.288
10813,2,12,251.28,41.88,169.614,81.666
10813,46,35,419.65,0,339.9165,79.7335
10814,41,20,177.6,0,143.856,33.744
10814,43,20,283.36,36.96,199.584,83.776
10814,48,8,304.52,39.72,214.488,90.032
10814,61,30,936.675,122.175,659.745,276.93
10815,33,16,447.36,0,362.3616,84.9984
10816,38,30,2774.205,132.105,2140.101,634.104
10816,62,20,622.44,29.64,480.168,142.272
10817,26,40,1378.16,179.76,970.704,407.456
10817,38,30,2451.9,0,1986.039,465.861
10817,40,60,1247.52,162.72,878.688,368.832
10817,62,25,777.6875,101.4375,547.7625,229.925
10818,32,20,410.4,0,365.8319,44.5681
10818,41,20,206,0,166.86,39.14
10819,43,7,79.59,0,64.4679,15.1221
10819,75,20,145.6,0,117.936,27.664
10820,56,30,1200.6,0,972.486,228.114
10821,35,20,117,0,94.77,22.23
10821,51,6,630.9,0,511.029,119.871
10822,62,3,88.29,0,76.7838,11.5062
10822,70,6,180.78,0,146.4318,34.3482
10823,11,20,666.82,60.62,491.022,175.798
10823,57,15,312.3,0,252.963,59.337
10823,59,40,392.04,35.64,314.3448,77.6952
10823,77,15,216.315,19.665,173.4453,42.8697
10824,41,12,104.4,0,92.0808,12.3192
10824,70,9,278.91,0,263.4889,15.4211
10825,26,12,342.6,0,302.1732,40.4268
10825,53,20,1328.8,0,1172.0016,156.7984
10826,31,35,310.1,0,273.5082,36.5918
10826,57,15,280.95,0,247.7979,33.1521
10827,10,15,99.3,0,87.5826,11.7174
10827,39,21,1141.98,0,1007.2264,134.7536
10828,20,5,409.35,0,361.0467,48.3033
10828,38,2,150.96,0,133.1467,17.8133
10829,2,10,201.1,0,177.3702,23.7298
10829,8,20,395.4,0,348.7428,46.6572
10829,13,10,264.3,0,233.1126,31.1874
10829,60,21,112.98,0,99.6484,13.3316
10830,6,6,23.82,0,21.0092,2.8108
10830,39,28,1522.36,0,1342.7215,179.6385
10830,60,30,159.3,0,140.5026,18.7974
10830,68,24,316.08,0,298.963,17.117
10831,19,2,20.18,0,17.7988,2.3812
10831,35,8,45.12,0,39.7958,5.3242
10831,38,8,686.8,0,605.7576,81.0424
10831,43,9,113.94,0,109.1021,4.8379
10832,13,3,92.16,15.36,67.7376,24.4224
10832,25,10,165.6,27.6,121.716,43.884
10832,44,16,1308.288,218.048,961.5917,346.6963
10832,64,3,99.18,0,87.4768,11.7032
10833,7,20,892.76,81.16,715.8312,176.9288
10833,31,9,87.417,7.947,71.4278,15.9892
10833,53,9,600.633,54.603,481.5985,119.0345
10834,29,8,1124.088,53.528,968.0485,156.0395
10834,30,20,511.77,24.37,458.8188,52.9512
10835,59,15,120.6,0,114.6714,5.9286
10835,77,2,29.52,4.92,21.6972,7.8228
10836,22,52,184.08,0,162.3586,21.7214
10836,35,6,38.28,0,35.0965,3.1835
10836,57,24,462.48,0,407.9074,54.5726
10836,60,60,279.6,0,246.6072,32.9928
10836,64,30,948.9,0,836.9298,111.9702
10837,13,6,148.08,0,130.6066,17.4734
10837,40,25,450.25,0,402.558,47.692
10837,47,40,1356,271.2,956.7936,399.2064
10837,76,21,10140.9,2028.18,7155.419,2985.481
10838,1,4,102.6,20.52,72.3946,30.2054
10838,18,25,875,175,617.4,257.6
10838,36,50,476.875,95.375,336.483,140.392
10839,58,30,1593.57,144.87,1277.7534,315.8166
10839,72,15,203.94,18.54,163.5605,40.3795
10840,25,6,110.808,18.468,81.4439,29.3641
10840,39,10,650.52,108.42,478.1322,172.3878
10841,10,16,101.28,0,89.329,11.951
10841,56,30,1245.9,0,1098.8838,147.0162
10841,59,50,431.5,0,380.583,50.917
10841,77,15,201,0,177.282,23.718
10842,11,15,381.45,0,336.4389,45.0111
10842,43,5,55.45,0,48.9069,6.5431
10842,68,20,265.4,0,234.0828,31.3172
10842,70,12,321.84,0,283.8629,37.9771
10843,51,4,473.6,94.72,334.1722,139.4278
10844,22,35,125.65,0,110.8233,14.8267
10845,23,70,721.49,65.59,615.1821,106.3079
10845,35,25,178.475,16.225,143.1045,35.3705
10845,42,42,621.39,56.49,498.2418,123.1482
10845,58,60,3315.84,301.44,2658.7008,657.1392
10845,64,48,1654.08,0,1458.8986,195.1814
10846,4,21,474.18,0,418.2268,55.9532
10846,70,30,922.5,0,842.1118,80.3882
10846,74,20,621.8,0,548.4276,73.3724
10847,1,80,1746.24,291.04,1302.4529,443.7872
10847,19,12,140.832,23.472,103.5115,37.3205
10847,37,60,285.12,47.52,209.5632,75.5568
10847,45,36,378,63,277.83,100.17
10847,60,45,279.18,46.53,205.1973,73.9827
10847,71,55,1937.1,322.85,1518.7212,418.3788
10848,5,30,184.8,0,162.9936,21.8064
10848,9,3,120.96,0,106.6867,14.2733
10849,3,49,967.75,0,853.5555,114.1945
10849,26,18,693.45,90.45,531.846,161.604
10850,25,20,318.32,41.52,244.1376,74.1824
10850,33,4,121.164,15.804,92.9275,28.2365
10850,70,30,927.705,121.005,711.5094,216.1956
10851,2,5,92.925,4.425,78.057,14.868
10851,25,10,138.285,6.585,116.1594,22.1256
10851,57,10,200.445,9.545,172.3977,28.0473
10851,59,42,390.285,18.585,327.8394,62.4456
10852,2,15,293.55,0,258.9111,34.6389
10852,17,6,139.44,0,122.9861,16.4539
10852,62,50,1572,0,1386.504,185.496
10853,18,10,255.2,0,225.0864,30.1136
10854,10,100,724.5,94.5,555.66,168.84
10854,13,65,2046.655,266.955,1569.6954,476.9596
10855,16,50,459,0,444.4526,14.5474
10855,31,14,119.28,0,105.205,14.075
10855,56,24,910.8,0,803.3256,107.4744
10855,65,15,164.22,21.42,125.9496,38.2704
10856,2,20,390.8,0,363.1499,27.6501
10856,42,20,268,0,236.376,31.624
10857,3,30,587.7,0,518.3514,69.3486
10857,26,35,1294.125,258.825,913.1346,380.9904
10857,29,10,1521.25,304.25,1073.394,447.856
10858,7,5,214.3,0,189.0126,25.2874
10858,27,10,433.5,0,382.347,51.153
10858,70,4,122.24,0,107.8157,14.4243
10859,24,40,225.5,45.1,159.1128,66.3872
10859,54,35,1568.875,313.775,1106.9982,461.8768
10859,64,30,1312.5,262.5,926.1,386.4
10860,51,3,325.41,0,287.0116,38.3984
10860,76,20,7288.8,0,6428.7216,860.0784
10861,17,42,1066.38,0,940.5472,125.8328
10861,18,20,476.6,0,420.3612,56.2388
10861,21,40,367.6,0,324.2232,43.3768
10861,33,35,920.85,0,812.1897,108.6603
10861,62,3,88.05,0,77.6601,10.3899
10862,11,25,683.5,0,602.847,80.653
10862,52,8,683.52,0,628.3724,55.1476
10863,1,20,476.1,62.1,365.148,110.952
10863,58,12,617.274,80.514,498.1247,119.1493
10864,35,4,25.28,0,22.297,2.983
10864,67,15,972.15,0,857.4363,114.7137
10865,38,60,5111.82,243.42,4293.9288,817.8912
10865,39,80,5286.96,251.76,4441.0464,845.9136
10866,2,21,463.3125,92.6625,326.9133,136.3992
10866,24,6,35.175,7.035,24.8195,10.3555
10866,30,40,1204.5,240.9,849.8952,354.6048
10867,53,3,197.97,0,174.6095,23.3605
10868,26,20,666.4,0,587.7648,78.6352
10868,35,30,187.2,0,165.1104,22.0896
10868,49,42,899.514,81.774,762.6708,136.8432
10869,1,40,860,0,758.52,101.48
10869,11,10,299.5,0,264.159,35.341
10869,23,50,419,0,369.558,49.442
10869,68,20,273.6,0,241.3152,32.2848
10870,35,3,19.26,0,16.9873,2.2727
10870,51,2,215.24,0,189.8417,25.3983
10871,6,50,197.4,9.4,165.816,31.584
10871,16,12,121.338,5.778,101.9239,19.4141
10871,17,16,404.208,19.248,339.5347,64.6733
10872,55,10,441.315,21.015,370.7046,70.6104
10872,62,20,649.53,30.93,545.6052,103.9248
10872,64,15,512.9775,24.4275,430.9011,82.0764
10872,65,21,229.761,10.941,192.9992,36.7618
10873,21,20,205.4,0,181.1628,24.2372
10873,28,3,134.64,0,118.7525,15.8875
10874,10,10,66,0,58.212,7.788
10875,19,25,213.75,0,188.5275,25.2225
10875,47,21,564.102,51.282,452.3072,111.7948
10875,49,15,324.3,0,286.0326,38.2674
10876,46,21,256.83,0,226.5241,30.3059
10876,64,20,717.2,0,639.623,77.577
10877,16,30,375.375,75.075,264.8646,110.5104
10877,18,25,644.5,0,568.449,76.051
10878,20,20,1718.22,81.82,1443.3048,274.9152
10879,40,12,210.36,0,185.5375,24.8225
10879,65,10,109,0,96.138,12.862
10879,76,10,4305.3,0,3797.2746,508.0254
10880,23,30,299.16,49.86,219.8826,79.2774
10880,61,30,973.08,162.18,715.2138,257.8662
10880,70,50,1750.2,291.7,1286.397,463.803
10881,73,10,11.9,0,10.4958,1.4042
10882,42,25,315.75,0,278.4915,37.2585
10882,49,20,458.85,59.85,351.918,106.932
10882,54,32,1303.456,170.016,999.6941,303.7619
10883,24,8,34.8,0,30.6936,4.1064
10884,21,40,415.8,19.8,349.272,66.528
10884,56,21,908.019,43.239,762.736,145.283
10884,65,12,115.038,5.478,96.6319,18.4061
10885,2,20,389,0,343.098,45.902
10885,24,12,54.72,0,48.263,6.457
10885,70,30,883.2,0,778.9824,104.2176
10885,77,25,342.25,0,301.8645,40.3855
10886,10,70,471.8,0,416.1276,55.6724
10886,31,35,317.45,0,284.4417,33.0083
10886,77,40,543.2,0,479.1024,64.0976
10887,25,5,65.6,0,57.8592,7.7408
10888,2,20,409.2,0,360.9144,48.2856
10888,68,18,208.08,0,183.5266,24.5534
10889,11,40,1041.6,0,918.6912,122.9088
10889,38,40,3511.6,0,3097.2312,414.3688
10890,17,15,347.55,0,306.5391,41.0109
10890,34,10,80.3,0,74.3952,5.9048
10890,41,14,127.68,0,112.6138,15.0662
10891,30,15,428.2425,20.3925,359.7237,68.5188
10892,59,40,350.28,16.68,294.2352,56.0448
10893,8,30,603.3,0,532.1106,71.1894
10893,24,10,47,0,41.454,5.546
10893,29,24,3030.72,0,2673.095,357.625
10893,30,35,959,0,845.838,113.162
10893,36,20,147.8,0,130.3596,17.4404
10894,13,28,682.962,32.522,606.9097,76.0523
10894,69,50,113.4,5.4,95.256,18.144
10894,75,120,1064.7,50.7,894.348,170.352
10895,24,110,504.9,0,445.3218,59.5782
10895,39,45,2893.5,0,2552.067,341.433
10895,40,91,1752.66,0,1545.8461,206.8139
10895,60,100,502,0,442.764,59.236
10896,45,15,140.85,0,124.2297,16.6203
10896,56,16,578.72,0,510.431,68.289
10897,29,80,10652,0,9395.064,1256.936
10897,30,36,945.72,0,834.125,111.595
10898,13,5,116.45,0,102.7089,13.7411
10899,39,8,591.284,77.124,453.4891,137.7949
10900,70,3,115.35,23.07,81.391,33.959
10901,41,30,267.6,0,236.0232,31.5768
10901,71,30,920.1,0,811.5282,108.5718
10902,55,30,1464.18,190.98,1122.9624,341.2176
10902,62,6,193.2,25.2,148.176,45.024
10903,13,40,1029.6,0,908.1072,121.4928
10903,65,21,223.02,0,196.7036,26.3164
10903,68,20,255.4,0,225.2628,30.1372
10904,58,15,670.35,0,591.2487,79.1013
10904,62,35,934.5,0,824.229,110.271
10905,1,20,411.6,19.6,345.744,65.856
10906,61,15,363.3,0,320.4306,42.8694
10907,75,14,107.52,0,94.8326,12.6874
10908,7,20,847.98,40.38,712.3032,135.6768
10908,52,14,1150.569,54.789,966.478,184.091
10909,7,12,485.64,0,428.3345,57.3055
10909,16,15,148.2,0,130.7124,17.4876
10909,41,5,50.45,0,44.4969,5.9531
10910,19,12,100.92,0,89.0114,11.9086
10910,49,10,202.7,0,178.7814,23.9186
10910,61,5,139.15,0,126.2627,12.8873
10911,1,10,219.3,0,197.0154,22.2846
10911,17,12,298.32,0,263.1182,35.2018
10911,67,15,935.85,0,845.6499,90.2001
10912,11,40,1275,255,899.64,375.36
10912,29,60,9170.25,1834.05,6470.5284,2699.7216
10913,4,30,887.25,177.45,626.0436,261.2064
10913,33,40,1163.5,232.7,820.9656,342.5344
10913,58,15,774.45,0,683.0649,91.3851
10914,71,25,750.75,0,662.1615,88.5885
10915,17,10,274.5,0,242.109,32.391
10915,33,30,788.1,0,695.1042,92.9958
10915,54,10,370.8,0,327.0456,43.7544
10916,16,6,60.66,0,53.5021,7.1579
10916,32,6,123.54,0,108.9623,14.5777
10916,57,20,381.6,0,336.5712,45.0288
10917,30,1,26.2,0,23.1084,3.0916
10917,60,10,46.9,0,41.3658,5.5342
10918,1,60,1458.75,291.75,1029.294,429.456
10918,60,25,156.5625,31.3125,110.4705,46.092
10919,16,24,242.16,0,213.5851,28.5749
10919,25,24,305.52,0,296.6227,8.8973
10919,40,20,400,0,352.8,47.2
10920,50,24,356.88,0,314.7682,42.1118
10921,35,10,55.9,0,49.3038,6.5962
10921,63,40,854.4,0,753.5808,100.8192
10922,17,15,345.3,0,304.5546,40.7454
10922,24,35,166.25,0,146.6325,19.6175
10923,42,10,158.4,26.4,116.424,41.976
10923,43,10,154.08,25.68,113.2488,40.8312
10923,67,24,1842.336,307.056,1354.117,488.219
10924,10,20,151.58,13.78,121.5396,30.0404
10924,28,30,1544.4,140.4,1238.328,306.072
10924,75,6,44.64,0,39.3725,5.2675
10925,36,25,228.85,29.85,175.518,53.332
10925,52,12,1171.758,152.838,909.0117,262.7463
10926,11,2,54.98,0,48.4924,6.4876
10926,13,10,235,0,207.27,27.73
10926,19,7,60.48,0,53.3434,7.1366
10926,72,10,121,0,106.722,14.278
10927,20,5,410.7,0,362.2374,48.4626
10927,52,5,371.65,0,327.7953,43.8547
10927,76,20,7285,0,6425.37,859.63
10928,47,5,127.5,0,112.455,15.045
10928,76,5,1818.2,0,1613.7557,204.4443
10929,21,60,556.2,0,490.5684,65.6316
10929,75,49,373.87,0,329.7533,44.1167
10929,77,15,198.15,0,174.7683,23.3817
10930,21,36,386.28,0,371.1492,15.1308
10930,27,25,1039.5,0,1012.7721,26.7279
10930,55,25,1192.8,198.8,876.708,316.092
10930,58,30,1722.6,287.1,1266.111,456.489
10931,13,42,1305.549,170.289,1001.2993,304.2497
10931,57,30,577.5,0,543.7908,33.7092
10932,16,30,313.17,28.47,263.6542,49.5158
10932,62,14,416.416,37.856,337.4879,78.9281
10932,72,16,182.88,0,161.3002,21.5798
10932,75,20,172.04,15.64,137.9448,34.0952
10933,53,2,110.38,0,97.3552,13.0248
10933,61,30,764.7,0,674.4654,90.2346
10934,6,20,74,0,65.268,8.732
10935,1,21,444.15,0,391.7403,52.4097
10935,18,4,123.45,24.69,87.1063,36.3437
10935,23,8,91.2,18.24,64.3507,26.8493
10936,36,30,313.92,52.32,230.7312,83.1888
10937,28,8,397.28,0,350.401,46.879
10937,34,20,154.2,0,136.0044,18.1956
10938,13,20,565.75,113.15,399.1932,166.5568
10938,43,24,380.1,76.02,282.411,97.689
10938,60,49,322.175,64.435,227.3267,94.8483
10938,71,35,1411.8125,282.3625,996.1749,415.6376
10939,2,10,206.54,26.94,175.7502,30.7898
10939,67,40,2723.66,355.26,2088.9288,634.7312
10940,7,8,308.56,0,272.1499,36.4101
10940,13,20,465.6,0,410.6592,54.9408
10941,31,44,441.1,88.22,311.2402,129.8598
10941,62,30,1023,204.6,721.8288,301.1712
10941,68,80,1282,256.4,1004.4745,277.5255
10941,72,50,626.5,0,552.573,73.927
10942,49,28,551.88,0,486.7582,65.1218
10943,13,15,364.2,0,321.2244,42.9756
10943,22,21,73.29,0,64.6418,8.6482
10943,46,15,185.85,0,163.9197,21.9303
10944,11,5,161.875,32.375,114.219,47.656
10944,44,18,1636.425,327.285,1154.6615,481.7635
10944,56,18,727.2,0,641.3904,85.8096
10945,13,20,543.4,0,479.2788,64.1212
10945,31,10,79,0,69.678,9.322
10946,10,25,167.5,0,147.735,19.765
10946,24,25,115.75,0,102.0915,13.6585
10946,77,40,547.6,0,482.9832,64.6168
10947,59,4,33.12,0,29.2118,3.9082
10948,50,9,144.45,0,127.4049,17.0451
10948,51,40,4030.4,0,3554.8128,475.5872
10948,55,4,154.92,0,136.6394,18.2806
10949,6,12,48.6,0,42.8652,5.7348
10949,10,30,194.4,0,171.4608,22.9392
10949,17,6,164.16,0,144.7891,19.3709
10949,62,60,1655.4,0,1460.0628,195.3372
10950,4,5,114.3,0,100.8126,13.4874
10951,33,15,373.59,17.79,313.8156,59.7744
10951,41,6,60.102,2.862,50.4857,9.6163
10951,75,50,379.575,18.075,318.843,60.732
10952,6,16,65.016,3.096,60.1835,4.8325
10952,28,2,89.1,0,78.5862,10.5138
10953,20,50,4404.75,209.75,3699.99,704.76
10953,31,50,414.225,19.725,347.949,66.276
10954,16,28,314.916,41.076,241.5269,73.3891
10954,31,25,242.075,31.575,185.661,56.414
10954,45,30,262.8,0,231.7896,31.0104
10954,60,24,151.248,19.728,116.0006,35.2474
10955,75,12,113.184,18.864,83.1902,29.9938
10956,21,12,120.12,0,105.9458,14.1742
10956,47,14,322.56,0,284.4979,38.0621
10956,51,8,785.44,0,692.7581,92.6819
10957,30,30,838.2,0,739.2924,98.9076
10957,35,40,237.6,0,209.5632,28.0368
10957,64,8,279.12,0,246.1838,32.9362
10958,5,20,123.4,0,108.8388,14.5612
10958,7,6,229.02,0,201.9956,27.0244
10958,72,5,58.25,0,51.3765,6.8735
10959,75,20,166.52,21.72,127.7136,38.8064
10960,24,10,58,11.6,40.9248,17.0752
10960,41,24,229.92,0,202.7894,27.1306
10961,52,6,467.271,22.251,392.5076,74.7634
10961,76,60,23334.6,0,20581.1172,2753.4828
10962,7,45,1769.85,0,1561.0077,208.8423
10962,13,77,1826.44,0,1610.9201,215.5199
10962,53,20,1155.4,0,1019.0628,136.3372
10962,69,9,17.46,0,15.421,2.039
10962,76,44,16628.48,0,16153.1819,475.2981
10963,60,2,10.994,1.434,8.4319,2.5621
10964,18,6,152.4,0,134.4168,17.9832
10964,38,5,436.4,0,384.9048,51.4952
10964,69,10,20.4,0,17.9928,2.4072
10965,51,16,1553.12,0,1369.8518,183.2682
10966,37,8,33.36,0,32.4593,0.9007
10966,56,12,539.856,70.416,414.0461,125.8099
10966,62,12,395.232,51.552,303.1258,92.1062
10967,19,12,111.72,0,98.537,13.183
10967,49,40,746.8,0,658.6776,88.1224
10968,12,30,288.9,0,278.7328,10.1672
10968,24,30,128.1,0,112.9842,15.1158
10968,64,4,121.36,0,107.0395,14.3205
10969,46,9,117.63,0,103.7497,13.8803
10970,52,40,3659.04,609.84,2689.3944,969.6456
10971,29,14,1892.24,0,1668.9557,223.2843
10972,17,6,151.56,0,133.6759,17.8841
10972,33,7,177.31,0,164.3035,13.0065
10973,26,5,154.2,0,136.0044,18.1956
10973,41,6,52.26,0,46.0933,6.1667
10973,75,10,82.1,0,79.6895,2.4105
10974,63,10,207.4,0,182.9268,24.4732
10975,8,16,316.48,0,279.1354,37.3446
10975,75,10,83.8,0,73.9116,9.8884
10976,28,20,846.8,0,746.8776,99.9224
10977,39,30,1816.2,0,1601.8884,214.3116
10977,47,30,809.7,0,714.1554,95.5446
10977,51,10,1047.5,0,923.895,123.605
10977,63,20,433.6,0,382.4352,51.1648
10978,8,20,458.16,59.76,351.3888,106.7712
10978,21,40,460.92,60.12,353.5056,107.4144
10978,40,10,182.9,0,161.3178,21.5822
10978,44,6,496.593,64.773,380.8652,115.7278
10979,7,18,750.24,0,661.7117,88.5283
10979,12,20,209,0,184.338,24.662
10979,24,80,329.6,0,290.7072,38.8928
10979,27,30,1213.5,0,1070.307,143.193
10979,31,24,207.6,0,183.1827,24.4173
10979,63,35,697.2,0,614.9304,82.2696
10980,75,40,384.48,64.08,282.5928,101.8872
10981,38,60,4796.4,0,4230.4248,565.9752
10982,7,20,746.4,0,698.4566,47.9434
10982,43,9,102.33,0,90.2551,12.0749
10983,13,84,2186.058,285.138,1676.6114,509.4466
10983,57,15,293.4,0,258.7788,34.6212
10984,16,55,552.75,0,487.5255,65.2245
10984,24,20,92.8,0,81.8496,10.9504
10984,36,40,350,0,315.8472,34.1528
10985,16,36,371.448,33.768,297.8338,73.6142
10985,18,8,245.256,22.296,196.6507,48.6053
10985,32,35,790.405,71.855,633.7611,156.6439
10986,11,30,855.6,0,754.6392,100.9608
10986,20,15,1211.7,0,1068.7194,142.9806
10986,76,10,3689.3,0,3253.9626,435.3374
10986,77,15,197.1,0,173.8422,23.2578
10987,7,60,2467.2,0,2176.0704,291.1296
10987,43,6,78.42,0,69.1664,9.2536
10987,72,20,249.4,0,219.9708,29.4292
10988,7,60,2395.8,0,2113.0956,282.7044
10988,62,40,1307.68,118.88,1048.5216,259.1584
10989,6,40,159.6,0,140.7672,18.8328
10989,11,15,385.65,0,340.1433,45.5067
10989,41,4,37.36,0,32.9515,4.4085
10990,21,65,675.35,0,595.6587,79.6913
10990,34,60,516.81,67.41,396.3708,120.4392
10990,55,65,2942.9075,383.8575,2257.0821,685.8254
10990,61,66,2132.031,278.091,1635.1751,496.8559
10991,2,50,1084.8,180.8,797.328,287.472
10991,70,20,716.16,119.36,526.3776,189.7824
10991,76,90,43755.1201,7292.5201,32160.0132,11595.1069
10992,72,2,25.6,0,22.5792,3.0208
10993,29,50,7867.5,1573.5,5551.308,2316.192
10993,41,35,442.75,88.55,312.4044,130.3456
10994,59,18,155.169,7.389,130.342,24.827
10995,51,20,1995.8,0,1769.0579,226.7421
10995,60,4,20.84,0,18.3809,2.4591
10996,42,40,568.4,0,501.3288,67.0712
10997,32,50,1016.5,0,896.553,119.947
10997,46,20,315.5,63.1,222.6168,92.8832
10997,52,20,1884.25,376.85,1329.5268,554.7232
10998,24,12,49.56,0,43.7119,5.8481
10998,61,7,203.77,0,179.7251,24.0449
10998,74,20,633.2,0,558.4824,74.7176
10998,75,30,230.7,0,203.4774,27.2226
10999,41,20,199.5,9.5,167.58,31.92
10999,51,15,1550.9025,73.8525,1302.7581,248.1444
10999,77,21,265.482,12.642,223.0049,42.4771
11000,4,25,637.1875,127.4375,449.5995,187.588
11000,24,30,162.75,32.55,114.8364,47.9136
11000,77,30,372.6,0,328.6332,43.9668
11001,7,60,2568.6,0,2265.5052,303.0948
11001,22,25,95.5,0,84.231,11.269
11001,46,25,328.5,0,289.737,38.763
11001,55,6,217.5,0,191.835,25.665
11002,13,56,1419.04,0,1251.5933,167.4467
11002,35,15,100.05,13.05,76.734,23.316
11002,42,24,354.936,46.296,274.4617,80.4743
11002,55,40,1689.2,0,1581.1526,108.0474
11003,1,4,76,0,67.032,8.968
11003,40,10,167.8,0,147.9996,19.8004
11003,52,10,801,0,706.482,94.518
11004,26,6,178.08,0,157.0666,21.0134
11004,76,6,2377.44,0,2096.9021,280.5379
11005,1,2,38,0,33.516,4.484
11005,59,10,88.5,0,78.057,10.443
11006,1,8,175.52,0,154.8086,20.7114
11006,29,2,327.875,65.575,231.3486,96.5264
11007,8,30,616.5,0,543.753,72.747
11007,29,10,1344.1,0,1185.4962,158.6038
11007,42,14,207.06,0,196.4352,10.6248
11008,28,70,3123.015,148.715,2623.3326,499.6824
11008,34,90,771.12,36.72,647.7408,123.3792
11008,71,21,617.4,0,544.5468,72.8532
11009,24,12,50.16,0,44.2411,5.9189
11009,36,18,188.55,37.71,133.0409,55.5091
11009,60,9,46.8,0,41.2776,5.5224
11010,7,20,878.8,0,775.1016,103.6984
11010,24,10,44.7,0,39.4254,5.2746
11011,58,40,1931.16,91.96,1622.1744,308.9856
11011,71,20,634.4,0,559.5408,74.8592
11012,19,50,473.025,22.525,432.3821,40.6429
11012,60,36,172.746,8.226,145.1066,27.6394
11012,71,60,1915.2,91.2,1715.513,199.687
11013,23,10,91.4,0,80.6148,10.7852
11013,42,4,59.16,0,54.1268,5.0332
11013,45,20,179.4,0,158.2308,21.1692
11013,68,2,25.02,0,22.0676,2.9524
11014,41,28,313.544,28.504,251.4053,62.1387
11015,30,15,425.4,0,375.2028,50.1972
11015,77,18,212.4,0,187.3368,25.0632
11016,31,15,122.85,0,108.3537,14.4963
