OrderID,ProductID,Quantity,Sales,Discount,COS,GP
11025,PROD0001,10,215.05,19.55,180.1711,34.8789
11031,PROD0001,45,965.25,0,851.3505,113.8995
11035,PROD0001,10,195.5,0,172.431,23.069
11047,PROD0001,25,603.4375,120.6875,425.7855,177.652
11070,PROD0001,40,854.22,111.42,655.1496,199.0704
10285,PROD0001,45,1064.88,177.48,766.7136,298.1664
10294,PROD0001,18,389.88,0,336.8563,53.0237
10317,PROD0001,20,362.4,0,313.1136,49.2864
10348,PROD0001,15,334.8225,43.6725,251.5536,83.2689
10354,PROD0001,12,259.8,0,224.4672,35.3328
10370,PROD0001,15,371.91,48.51,292.9833,78.9267
10406,PROD0001,10,197.6,0,163.6128,33.9872
10413,PROD0001,24,504.24,0,417.5107,86.7293
10477,PROD0001,15,316.65,0,262.1862,54.4638
10522,PROD0001,40,1038.24,173.04,716.3856,321.8544
10526,PROD0001,8,179.676,23.436,129.3667,50.3093
10576,PROD0001,10,219.4,0,177.714,41.686
10590,PROD0001,20,403.6,0,326.916,76.684
10609,PROD0001,3,55.5,0,44.955,10.545
10611,PROD0001,6,118.5,0,95.985,22.515
10628,PROD0001,25,455.75,0,369.1575,86.5925
10646,PROD0001,15,364.6875,72.9375,236.3175,128.37
10689,PROD0001,35,804.125,160.825,521.073,283.052
10691,PROD0001,30,639,0,517.59,121.41
10700,PROD0001,5,121.86,20.31,82.2555,39.6045
10729,PROD0001,50,1026,0,831.06,194.94
10752,PROD0001,8,144.16,0,116.7696,27.3904
10838,PROD0001,4,102.6,20.52,72.3946,30.2054
10847,PROD0001,80,1746.24,291.04,1302.4529,443.7872
10863,PROD0001,20,476.1,62.1,365.148,110.952
10869,PROD0001,40,860,0,758.52,101.48
10905,PROD0001,20,411.6,19.6,345.744,65.856
10911,PROD0001,10,219.3,0,197.0154,22.2846
10918,PROD0001,60,1458.75,291.75,1029.294,429.456
10935,PROD0001,21,444.15,0,391.7403,52.4097
11003,PROD0001,4,76,0,67.032,8.968
11005,PROD0001,2,38,0,33.516,4.484
11006,PROD0001,8,175.52,0,154.8086,20.7114
11021,PROD0002,11,244.75,48.95,172.6956,72.0544
11030,PROD0002,100,2427.5,485.5,1712.844,714.656
11041,PROD0002,30,724.32,120.72,532.3752,191.9448
11049,PROD0002,10,224.4,37.4,164.934,59.466
11070,PROD0002,20,463.91,60.51,355.7988,108.1112
11072,PROD0002,8,161.6,0,142.5312,19.0688
11075,PROD0002,10,196.65,25.65,150.822,45.828
11077,PROD0002,24,545.184,90.864,400.7102,144.4738
11078,PROD0002,10,198.45,9.45,166.698,31.752
10255,PROD0002,20,342.4,0,283.5072,58.8928
10258,PROD0002,50,1201.2,200.2,828.828,372.372
10264,PROD0002,35,719.25,0,621.432,97.818
10298,PROD0002,40,701.6,0,606.1824,95.4176
10327,PROD0002,25,576.6,96.1,415.152,161.448
10335,PROD0002,7,163.884,27.314,117.9965,45.8875
10342,PROD0002,24,566.208,94.368,407.6698,158.5382
10393,PROD0002,25,599.0625,119.8125,410.218,188.8445
10418,PROD0002,60,1164.6,0,964.2888,200.3112
10435,PROD0002,10,200.5,0,166.014,34.486
10440,PROD0002,45,1046.385,136.485,753.3972,292.9878
10469,PROD0002,40,807.76,105.36,581.5872,226.1728
10485,PROD0002,20,383.68,34.88,288.8064,94.8736
10504,PROD0002,12,246,0,203.688,42.312
10611,PROD0002,10,205.5,0,166.455,39.045
10622,PROD0002,20,355.2,0,287.712,67.488
10632,PROD0002,30,607.005,28.905,468.261,138.744
10641,PROD0002,50,929,0,752.49,176.51
10703,PROD0002,5,92.8,0,75.168,17.632
10714,PROD0002,30,653.25,130.65,423.306,229.944
10722,PROD0002,3,58.41,0,47.3121,11.0979
10741,PROD0002,15,324.54,54.09,219.0645,105.4755
10766,PROD0002,40,788,0,677.6011,110.3989
10787,PROD0002,15,301.2975,14.3475,251.1539,50.1436
10792,PROD0002,10,191.7,0,155.277,36.423
10806,PROD0002,20,476.5,95.3,308.772,167.728
10813,PROD0002,12,251.28,41.88,169.614,81.666
10829,PROD0002,10,201.1,0,177.3702,23.7298
10851,PROD0002,5,92.925,4.425,78.057,14.868
10852,PROD0002,15,293.55,0,258.9111,34.6389
10856,PROD0002,20,390.8,0,363.1499,27.6501
10866,PROD0002,21,463.3125,92.6625,326.9133,136.3992
10885,PROD0002,20,389,0,343.098,45.902
10888,PROD0002,20,409.2,0,360.9144,48.2856
10939,PROD0002,10,206.54,26.94,175.7502,30.7898
10991,PROD0002,50,1084.8,180.8,797.328,287.472
11017,PROD0003,25,538.25,0,486.1304,52.1196
11077,PROD0003,4,87.4,0,77.0868,10.3132
11078,PROD0003,25,511.875,24.375,429.975,81.9
11082,PROD0003,35,732.1475,47.8975,603.5085,128.639
10289,PROD0003,30,616.2,0,532.3968,83.8032
10405,PROD0003,50,924,0,791.6578,132.3422
10485,PROD0003,20,476.96,43.36,359.0208,117.9392
10540,PROD0003,60,1146,0,928.26,217.74
10591,PROD0003,14,272.72,0,220.9032,51.8168
10702,PROD0003,6,120.96,0,97.9776,22.9824
10742,PROD0003,20,394,0,319.14,74.86
10764,PROD0003,20,440,40,324,116
10849,PROD0003,49,967.75,0,853.5555,114.1945
10857,PROD0003,30,587.7,0,518.3514,69.3486
11077,PROD0004,3,70.8,0,62.4456,8.3544
10309,PROD0004,20,432.8,0,373.9392,58.8608
10326,PROD0004,24,476.16,0,411.4022,64.7578
10336,PROD0004,18,459.954,41.814,361.273,98.681
10339,PROD0004,10,213.2,0,184.2048,28.9952
10344,PROD0004,35,727.3,0,628.3872,98.9128
10464,PROD0004,16,429.888,71.648,296.6227,133.2653
10511,PROD0004,50,1371.95,178.95,987.804,384.146
10527,PROD0004,50,1294.15,117.65,1038.547,255.603
10533,PROD0004,50,1061.025,50.525,818.505,242.52
10606,PROD0004,20,548.64,91.44,370.332,178.308
10635,PROD0004,10,263.01,23.91,193.671,69.339
10636,PROD0004,25,515.75,0,417.7575,97.9925
10654,PROD0004,12,296.604,26.964,225.25,71.354
10704,PROD0004,6,144.84,0,117.3204,27.5196
10726,PROD0004,25,565.5,0,458.055,107.445
10846,PROD0004,21,474.18,0,418.2268,55.9532
10913,PROD0004,30,887.25,177.45,626.0436,261.2064
10950,PROD0004,5,114.3,0,100.8126,13.4874
11000,PROD0004,25,637.1875,127.4375,449.5995,187.588
11030,PROD0005,70,424.2,0,413.9145,10.2855
11047,PROD0005,30,223.5,44.7,157.7016,65.7984
10258,PROD0005,65,478.14,79.69,344.2608,133.8792
10262,PROD0005,12,80.352,13.392,57.8534,22.4986
10290,PROD0005,20,131.4,0,113.5296,17.8704
10382,PROD0005,32,179.84,0,148.9075,30.9325
10635,PROD0005,15,95.535,8.685,70.3485,25.1865
10708,PROD0005,4,21.64,0,17.5284,4.1116
10848,PROD0005,30,184.8,0,162.9936,21.8064
10958,PROD0005,20,123.4,0,108.8388,14.5612
11076,PROD0006,20,95.5,19.1,69.4453,26.0547
11077,PROD0006,50,223.89,4.39,193.599,30.291
10309,PROD0006,30,110.7,0,95.6448,15.0552
10325,PROD0006,6,22.26,0,19.2326,3.0274
10618,PROD0006,70,270.9,0,219.429,51.471
10734,PROD0006,30,120.9,0,97.929,22.971
10830,PROD0006,6,23.82,0,21.0092,2.8108
10871,PROD0006,50,197.4,9.4,165.816,31.584
10934,PROD0006,20,74,0,65.268,8.732
10949,PROD0006,12,48.6,0,42.8652,5.7348
10952,PROD0006,16,65.016,3.096,60.1835,4.8325
10989,PROD0006,40,159.6,0,140.7672,18.8328
11023,PROD0007,4,161.2,0,142.1784,19.0216
11056,PROD0007,40,1686,0,1487.052,198.948
11071,PROD0007,15,669.375,31.875,562.275,107.1
11077,PROD0007,15,630.63,30.03,529.7292,100.9008
10262,PROD0007,15,574.5,0,496.368,78.132
10385,PROD0007,10,433.56,72.26,299.1564,134.4036
10459,PROD0007,16,655.872,31.232,517.2019,138.6701
10471,PROD0007,30,1192.2,0,1023.5194,168.6806
10511,PROD0007,50,2442.6,318.6,1758.672,683.928
10546,PROD0007,10,434.6,0,352.026,82.574
10591,PROD0007,10,385.6,0,312.336,73.264
10607,PROD0007,45,1629.45,0,1319.8545,309.5955
10634,PROD0007,35,1290.45,0,1045.2645,245.1855
10694,PROD0007,90,3359.7,0,2721.357,638.343
10766,PROD0007,35,1318.8,0,1068.228,250.572
10790,PROD0007,3,134.205,17.505,94.527,39.678
10833,PROD0007,20,892.76,81.16,715.8312,176.9288
10858,PROD0007,5,214.3,0,189.0126,25.2874
10908,PROD0007,20,847.98,40.38,712.3032,135.6768
10909,PROD0007,12,485.64,0,428.3345,57.3055
10940,PROD0007,8,308.56,0,272.1499,36.4101
10958,PROD0007,6,229.02,0,201.9956,27.0244
10962,PROD0007,45,1769.85,0,1561.0077,208.8423
10979,PROD0007,18,750.24,0,661.7117,88.5283
10982,PROD0007,20,746.4,0,698.4566,47.9434
10987,PROD0007,60,2467.2,0,2176.0704,291.1296
10988,PROD0007,60,2395.8,0,2113.0956,282.7044
11001,PROD0007,60,2568.6,0,2265.5052,303.0948
11010,PROD0007,20,878.8,0,775.1016,103.6984
11077,PROD0008,5,118.855,10.805,95.3001,23.5549
10344,PROD0008,70,1697.5,339.5,1222.6774,474.8226
10345,PROD0008,70,1432.2,0,1237.4208,194.7792
10511,PROD0008,10,252.655,32.955,181.9116,70.7434
10522,PROD0008,24,502.32,0,415.921,86.399
10695,PROD0008,10,182,0,147.42,34.58
10709,PROD0008,40,813.2,0,658.692,154.508
10786,PROD0008,30,662.4,110.4,447.12,215.28
10829,PROD0008,20,395.4,0,348.7428,46.6572
10893,PROD0008,30,603.3,0,532.1106,71.1894
10975,PROD0008,16,316.48,0,279.1354,37.3446
10978,PROD0008,20,458.16,59.76,351.3888,106.7712
11007,PROD0008,30,616.5,0,543.753,72.747
11083,PROD0009,5,194.5,0,171.549,22.951
10420,PROD0009,20,806.96,73.36,607.4208,199.5392
10515,PROD0009,16,773.72,100.92,557.0784,216.6416
10687,PROD0009,50,2573.125,514.625,1667.385,905.74
10693,PROD0009,6,211.8,0,182.4293,29.3707
10848,PROD0009,3,120.96,0,106.6867,14.2733
11020,PROD0010,24,197.064,25.704,151.1395,45.9245
11077,PROD0010,15,98.55,0,86.9211,11.6289
10273,PROD0010,24,173.376,8.256,142.6637,30.7123
10276,PROD0010,15,103.8,0,89.6832,14.1168
10357,PROD0010,30,234.36,39.06,168.7392,65.6208
10389,PROD0010,16,101.28,0,83.8598,17.4202
10449,PROD0010,14,97.86,0,81.0281,16.8319
10450,PROD0010,20,183.36,30.56,127.4957,55.8643
10478,PROD0010,20,138.6,6.6,109.296,29.304
10519,PROD0010,16,126.84,6.04,100.0224,26.8176
10524,PROD0010,2,14.98,0,12.4034,2.5766
10568,PROD0010,5,32.45,0,26.2845,6.1655
10609,PROD0010,10,65.7,0,53.217,12.483
10612,PROD0010,70,497,0,402.57,94.43
10646,PROD0010,18,142.875,28.575,92.583,50.292
10664,PROD0010,24,189.06,24.66,133.164,55.896
10676,PROD0010,2,12.96,0,10.4976,2.4624
10685,PROD0010,20,150.6,0,121.986,28.614
10688,PROD0010,18,140.184,12.744,103.2264,36.9576
10713,PROD0010,18,116.28,0,94.1868,22.0932
10715,PROD0010,21,137.76,0,111.5856,26.1744
10724,PROD0010,16,123.04,0,99.6624,23.3776
10775,PROD0010,6,38.82,0,31.6551,7.1649
10785,PROD0010,10,64.2,0,52.002,12.198
10804,PROD0010,36,255.6,0,207.036,48.564
10827,PROD0010,15,99.3,0,87.5826,11.7174
10841,PROD0010,16,101.28,0,89.329,11.951
10854,PROD0010,100,724.5,94.5,555.66,168.84
10874,PROD0010,10,66,0,58.212,7.788
10886,PROD0010,70,471.8,0,416.1276,55.6724
10924,PROD0010,20,151.58,13.78,121.5396,30.0404
10946,PROD0010,25,167.5,0,147.735,19.765
10949,PROD0010,30,194.4,0,171.4608,22.9392
11043,PROD0011,10,282.8,0,249.4296,33.3704
11073,PROD0011,10,289.3,0,261.7971,27.5029
10248,PROD0011,12,343.44,0,284.3683,59.0717
10296,PROD0011,12,319.44,0,275.9962,43.4438
10327,PROD0011,50,1746,291,1257.12,488.88
10353,PROD0011,12,428.4,71.4,308.448,119.952
10365,PROD0011,24,707.52,0,611.2973,96.2227
10407,PROD0011,30,765.6,0,633.9168,131.6832
10434,PROD0011,6,156.78,0,129.8138,26.9662
10442,PROD0011,30,919.2,0,761.0976,158.1024
10443,PROD0011,6,192.312,32.052,132.6953,59.6167
10466,PROD0011,10,257.3,0,217.8903,39.4097
10486,PROD0011,5,141.9,0,117.4932,24.4068
10489,PROD0011,15,529.5,105.9,350.7408,178.7592
10528,PROD0011,3,88.11,0,72.9551,15.1549
10535,PROD0011,50,1556.5,141.5,1146.15,410.35
10542,PROD0011,15,444.3075,21.1575,342.7515,101.556
10545,PROD0011,10,263.7,0,219.9619,43.7381
10553,PROD0011,15,454.35,0,368.0235,86.3265
10566,PROD0011,35,1054.55,137.55,742.77,311.78
10570,PROD0011,15,484.785,23.085,373.977,110.808
10614,PROD0011,14,365.54,0,296.0874,69.4526
10637,PROD0011,10,267.7,0,216.837,50.863
10698,PROD0011,15,392.55,0,348.3246,44.2254
10726,PROD0011,5,146.95,0,119.0295,27.9205
10770,PROD0011,15,476.25,95.25,308.61,167.64
10797,PROD0011,20,584.2,0,473.202,110.998
10800,PROD0011,50,1600.5,145.5,1178.55,421.95
10823,PROD0011,20,666.82,60.62,491.022,175.798
10842,PROD0011,15,381.45,0,336.4389,45.0111
10862,PROD0011,25,683.5,0,602.847,80.653
10869,PROD0011,10,299.5,0,264.159,35.341
10889,PROD0011,40,1041.6,0,918.6912,122.9088
10912,PROD0011,40,1275,255,899.64,375.36
10926,PROD0011,2,54.98,0,48.4924,6.4876
10944,PROD0011,5,161.875,32.375,114.219,47.656
10986,PROD0011,30,855.6,0,754.6392,100.9608
10989,PROD0011,15,385.65,0,340.1433,45.5067
11018,PROD0012,20,194.2,0,171.2844,22.9156
11046,PROD0012,20,195.72,9.32,164.4048,31.3152
11049,PROD0012,4,44.256,7.376,32.5282,11.7278
11077,PROD0012,10,112.665,5.365,94.6386,18.0264
10266,PROD0012,12,128.016,6.096,105.3389,22.6771
10439,PROD0012,15,153.3,0,126.9324,26.3676
10536,PROD0012,15,181.875,36.375,117.855,64.02
10543,PROD0012,30,358.8,46.8,252.72,106.08
10633,PROD0012,36,403.236,52.596,284.0184,119.2176
10678,PROD0012,100,960,0,777.6,182.4
10695,PROD0012,4,39.28,0,31.8168,7.4632
10718,PROD0012,36,363.96,0,294.8076,69.1524
10968,PROD0012,30,288.9,0,278.7328,10.1672
10979,PROD0012,20,209,0,184.338,24.662
11025,PROD0013,20,558.8,50.8,448.056,110.744
11031,PROD0013,80,2183.2,0,1925.5824,257.6176
11036,PROD0013,7,175.07,0,154.4117,20.6583
11059,PROD0013,30,812.4,0,716.5368,95.8632
11071,PROD0013,10,273.735,13.035,229.9374,43.7976
11077,PROD0013,10,264.3,0,233.1126,31.1874
11079,PROD0013,10,267.75,12.75,224.91,42.84
10276,PROD0013,10,274.5,0,237.168,37.332
10291,PROD0013,20,506.66,46.06,397.9584,108.7016
10325,PROD0013,12,277.08,0,239.3971,37.6829
10383,PROD0013,20,523.6,0,433.5408,90.0592
10391,PROD0013,18,416.16,0,345.2441,70.9159
10394,PROD0013,10,270.4,0,223.8912,46.5088
10420,PROD0013,2,59.136,5.376,44.5133,14.6227
10462,PROD0013,1,27.09,0,22.4305,4.6595
10508,PROD0013,10,240.9,0,199.4652,41.4348
10526,PROD0013,10,262.4,0,217.2672,45.1328
10539,PROD0013,8,199.12,0,161.2872,37.8328
10601,PROD0013,60,1422,0,1151.82,270.18
10613,PROD0013,8,241.12,21.92,177.552,63.568
10633,PROD0013,13,361.192,47.112,254.4048,106.7872
10737,PROD0013,4,102.24,0,83.8444,18.3956
10746,PROD0013,6,144.48,0,117.0288,27.4512
10799,PROD0013,20,532.91,69.51,375.354,157.556
10810,PROD0013,7,173.32,0,140.3892,32.9308
10829,PROD0013,10,264.3,0,233.1126,31.1874
10832,PROD0013,3,92.16,15.36,67.7376,24.4224
10837,PROD0013,6,148.08,0,130.6066,17.4734
10854,PROD0013,65,2046.655,266.955,1569.6954,476.9596
10894,PROD0013,28,682.962,32.522,606.9097,76.0523
10898,PROD0013,5,116.45,0,102.7089,13.7411
10903,PROD0013,40,1029.6,0,908.1072,121.4928
10926,PROD0013,10,235,0,207.27,27.73
10931,PROD0013,42,1305.549,170.289,1001.2993,304.2497
10938,PROD0013,20,565.75,113.15,399.1932,166.5568
10940,PROD0013,20,465.6,0,410.6592,54.9408
10943,PROD0013,15,364.2,0,321.2244,42.9756
10945,PROD0013,20,543.4,0,479.2788,64.1212
10962,PROD0013,77,1826.44,0,1610.9201,215.5199
10983,PROD0013,84,2186.058,285.138,1676.6114,509.4466
11002,PROD0013,56,1419.04,0,1251.5933,167.4467
11076,PROD0014,20,623.25,124.65,439.7652,183.4848
11077,PROD0014,50,1274.11,37.11,1091.034,183.076
11080,PROD0014,100,2415,115,2028.6,386.4
10249,PROD0014,9,205.2,0,169.9056,35.2944
10325,PROD0014,9,190.26,0,164.3846,25.8754
10333,PROD0014,10,248.7,0,214.8768,33.8232
10375,PROD0014,15,323.85,0,279.8064,44.0436
10393,PROD0014,42,1146.075,229.215,759.1601,386.9149
10409,PROD0014,12,294.96,0,244.2269,50.7331
10412,PROD0014,20,560.78,50.98,422.1144,138.6656
10427,PROD0014,35,851.55,0,706.8956,144.6544
10474,PROD0014,12,295.8,0,244.9224,50.8776
10503,PROD0014,70,1743.7,0,1443.7836,299.9164
10555,PROD0014,30,772.56,128.76,521.478,251.082
10571,PROD0014,11,278.1735,36.2835,195.9309,82.2426
10580,PROD0014,15,363.3525,17.3025,280.3005,83.052
10623,PROD0014,21,508.41,0,449.9168,58.4932
10625,PROD0014,3,72.75,0,58.9275,13.8225
10656,PROD0014,3,82.929,7.539,61.6287,21.3003
10675,PROD0014,30,653.7,0,529.497,124.203
10733,PROD0014,16,348.32,0,282.1392,66.1808
10750,PROD0014,5,125.1775,16.3275,88.1685,37.009
10794,PROD0014,15,432,72,291.6,140.4
10283,PROD0015,20,130.6,0,112.8384,17.7616
10323,PROD0015,5,30.6,0,26.4384,4.1616
10500,PROD0015,12,81.018,3.858,63.8885,17.1295
10579,PROD0015,10,70.9,0,57.429,13.471
10592,PROD0015,25,155.4,7.4,119.88,35.52
10657,PROD0015,50,313.5,0,253.935,59.565
11066,PROD0016,3,28.08,0,24.7666,3.3134
11070,PROD0016,30,302.22,39.42,236.5117,65.7083
11074,PROD0016,14,142.884,6.804,120.0226,22.8614
11077,PROD0016,25,266.5125,7.7625,228.2175,38.295
10255,PROD0016,35,320.95,0,265.7466,55.2034
10263,PROD0016,60,709.5,141.9,490.4064,219.0936
10287,PROD0016,40,408.48,53.28,306.8928,101.5872
10296,PROD0016,30,280.8,0,242.6112,38.1888
10310,PROD0016,10,85.3,0,73.6992,11.6008
10324,PROD0016,21,211.7955,27.6255,159.1229,52.6726
10359,PROD0016,56,602.112,28.672,495.4522,106.6598
10403,PROD0016,21,245.1225,31.9725,176.4882,68.6343
10439,PROD0016,16,159.68,0,132.215,27.465
10440,PROD0016,49,520.674,67.914,374.8853,145.7887
10454,PROD0016,20,213.12,35.52,147.0528,66.0672
10469,PROD0016,35,384.79,50.19,277.0488,107.7412
10489,PROD0016,18,159.84,0,132.3475,27.4925
10515,PROD0016,50,434,0,359.352,74.648
10551,PROD0016,40,391.46,51.06,275.724,115.736
10553,PROD0016,14,127.82,0,103.5342,24.2858
10554,PROD0016,30,309.015,14.715,238.383,70.632
10572,PROD0016,12,131.736,11.976,97.0056,34.7304
10605,PROD0016,30,297.99,14.19,229.878,68.112
10653,PROD0016,30,329.01,29.91,242.271,86.739
10671,PROD0016,10,101,0,81.81,19.19
10673,PROD0016,3,29.01,0,23.4981,5.5119
10680,PROD0016,50,533.125,106.625,345.465,187.66
10706,PROD0016,20,179.2,0,145.152,34.048
10718,PROD0016,20,181.4,0,146.934,34.466
10730,PROD0016,15,137.8125,6.5625,106.3125,31.5
10738,PROD0016,3,25.98,0,21.0438,4.9362
10779,PROD0016,20,192,0,155.52,36.48
10795,PROD0016,65,668.2,0,541.242,126.958
10855,PROD0016,50,459,0,444.4526,14.5474
10871,PROD0016,12,121.338,5.778,101.9239,19.4141
10877,PROD0016,30,375.375,75.075,264.8646,110.5104
10909,PROD0016,15,148.2,0,130.7124,17.4876
10916,PROD0016,6,60.66,0,53.5021,7.1579
10919,PROD0016,24,242.16,0,213.5851,28.5749
10932,PROD0016,30,313.17,28.47,263.6542,49.5158
10954,PROD0016,28,314.916,41.076,241.5269,73.3891
10984,PROD0016,55,552.75,0,487.5255,65.2245
10985,PROD0016,36,371.448,33.768,297.8338,73.6142
11059,PROD0017,12,321.6,0,283.6512,37.9488
11064,PROD0017,77,2277.583,207.053,1826.2075,451.3755
10265,PROD0017,30,717,0,619.488,97.512
10279,PROD0017,15,506.625,101.325,372.12,134.505
10294,PROD0017,15,369.3,0,319.0752,50.2248
10302,PROD0017,40,1026,0,886.464,139.536
10319,PROD0017,8,209.84,0,181.3018,28.5382
10338,PROD0017,20,524.8,0,453.4272,71.3728
10339,PROD0017,70,1797.81,85.61,1479.3408,318.4692
10346,PROD0017,36,978.516,88.956,768.5798,209.9362
10415,PROD0017,2,45.34,0,37.5415,7.7985
10430,PROD0017,45,1217.16,202.86,839.8404,377.3196
10431,PROD0017,50,1585.625,317.125,1050.318,535.307
10444,PROD0017,10,270,0,223.56,46.44
10523,PROD0017,25,672.375,61.125,506.115,166.26
10530,PROD0017,40,968,0,801.504,166.496
10550,PROD0017,8,225.632,20.512,166.1472,59.4848
10564,PROD0017,16,422.352,20.112,325.8144,96.5376
10573,PROD0017,18,438.66,0,355.3146,83.3454
10607,PROD0017,100,2436,0,1973.16,462.84
10686,PROD0017,30,813.6,135.6,549.18,264.42
10696,PROD0017,20,509.6,0,412.776,96.824
10698,PROD0017,8,201.348,9.588,155.3256,46.0224
10714,PROD0017,27,816.4125,163.2825,529.0353,287.3772
10727,PROD0017,20,577.08,27.48,445.2786,131.8014
10773,PROD0017,33,856.02,0,693.3762,162.6438
10795,PROD0017,35,1029.875,205.975,667.359,362.516
10801,PROD0017,40,1247,249.4,808.056,438.944
10852,PROD0017,6,139.44,0,122.9861,16.4539
10861,PROD0017,42,1066.38,0,940.5472,125.8328
10871,PROD0017,16,404.208,19.248,339.5347,64.6733
10890,PROD0017,15,347.55,0,306.5391,41.0109
10911,PROD0017,12,298.32,0,263.1182,35.2018
10915,PROD0017,10,274.5,0,242.109,32.391
10922,PROD0017,15,345.3,0,304.5546,40.7454
10949,PROD0017,6,164.16,0,144.7891,19.3709
10972,PROD0017,6,151.56,0,133.6759,17.8841
11018,PROD0018,10,275.6,0,243.0792,32.5208
11026,PROD0018,8,214.88,0,189.5242,25.3558
11053,PROD0018,35,1068.9,178.15,842.832,226.068
10293,PROD0018,12,328.56,0,283.8758,44.6842
10305,PROD0018,25,757.9,68.9,595.296,162.604
10332,PROD0018,40,1191.36,198.56,857.7792,333.5808
10340,PROD0018,20,510.3,24.3,419.904,90.396
10382,PROD0018,9,241.02,0,199.5646,41.4554
10470,PROD0018,30,755.7,0,654.3161,101.3839
10516,PROD0018,25,749.375,68.125,564.075,185.3
10566,PROD0018,18,545.652,71.172,384.3288,161.3232
10588,PROD0018,40,1262.4,210.4,852.12,410.28
10634,PROD0018,50,1381.5,0,1119.015,262.485
10639,PROD0018,8,193.36,0,156.6216,36.7384
10644,PROD0018,4,114.224,10.384,84.1104,30.1136
10645,PROD0018,20,525.2,0,425.412,99.788
10719,PROD0018,12,408.45,81.69,264.6756,143.7744
10745,PROD0018,24,659.04,0,533.8224,125.2176
10756,PROD0018,21,643.608,107.268,473.5875,170.0205
10789,PROD0018,30,696,0,594.7627,101.2373
10838,PROD0018,25,875,175,617.4,257.6
10853,PROD0018,10,255.2,0,225.0864,30.1136
10861,PROD0018,20,476.6,0,420.3612,56.2388
10877,PROD0018,25,644.5,0,568.449,76.051
10935,PROD0018,4,123.45,24.69,87.1063,36.3437
10964,PROD0018,6,152.4,0,134.4168,17.9832
10985,PROD0018,8,245.256,22.296,196.6507,48.6053
11022,PROD0019,35,336.35,0,296.6607,39.6893
11066,PROD0019,42,412.02,0,363.4016,48.6184
11076,PROD0019,10,122.25,24.45,86.2596,35.9904
10281,PROD0019,1,9.9,0,8.5536,1.3464
10283,PROD0019,18,165.24,0,142.7674,22.4726
10299,PROD0019,15,137.55,0,118.8432,18.7068
10329,PROD0019,10,89.25,4.25,80.3848,8.8652
10345,PROD0019,80,806.4,0,696.7296,109.6704
10414,PROD0019,18,166.32,7.92,131.1552,35.1648
10416,PROD0019,20,187.6,0,155.4529,32.1471
10421,PROD0019,4,42.044,5.484,30.2717,11.7723
10438,PROD0019,15,171.36,28.56,118.2384,53.1216
10446,PROD0019,12,122.232,11.112,92.0074,30.2246
10447,PROD0019,40,341.2,0,282.5136,58.6864
10463,PROD0019,21,203.07,0,168.142,34.928
10487,PROD0019,5,48.45,0,40.1166,8.3334
10550,PROD0019,10,95.2,0,77.112,18.088
10555,PROD0019,35,357,59.5,240.975,116.025
10621,PROD0019,5,49.45,0,40.0545,9.3955
10623,PROD0019,15,154.275,14.025,113.6025,40.6725
10647,PROD0019,30,271.2,0,219.672,51.528
10651,PROD0019,12,137.25,27.45,94.8332,42.4168
10676,PROD0019,7,67.55,0,56.0862,11.4638
10681,PROD0019,30,319.77,29.07,256.1847,63.5853
10697,PROD0019,7,73.675,14.735,47.7414,25.9336
10710,PROD0019,5,42.25,0,34.2225,8.0275
10711,PROD0019,12,105.24,0,92.9528,12.2872
10788,PROD0019,50,499.275,23.775,385.155,114.12
10803,PROD0019,24,233.856,11.136,180.4032,53.4528
10811,PROD0019,15,141.9,0,114.939,26.961
10831,PROD0019,2,20.18,0,17.7988,2.3812
10847,PROD0019,12,140.832,23.472,103.5115,37.3205
10875,PROD0019,25,213.75,0,188.5275,25.2225
10910,PROD0019,12,100.92,0,89.0114,11.9086
10926,PROD0019,7,60.48,0,53.3434,7.1366
10967,PROD0019,12,111.72,0,98.537,13.183
11012,PROD0019,50,473.025,22.525,432.3821,40.6429
11021,PROD0020,15,1114.2,0,982.7244,131.4756
11077,PROD0020,15,1245.348,47.898,1056.1509,189.1971
10252,PROD0020,40,3189.06,151.86,2514.8016,674.2584
10272,PROD0020,6,529.5,0,457.488,72.012
10292,PROD0020,20,1681.4,0,1452.7296,228.6704
10372,PROD0020,12,1218.6,243.72,842.2963,376.3037
10384,PROD0020,28,2422.28,0,2015.9715,406.3085
10514,PROD0020,39,3433.17,0,2842.6648,590.5052
10523,PROD0020,15,1385.01,125.91,1042.5348,342.4752
10593,PROD0020,21,2096.388,349.398,1415.0619,681.3261
10660,PROD0020,21,1817.55,0,1472.2155,345.3345
10828,PROD0020,5,409.35,0,361.0467,48.3033
10878,PROD0020,20,1718.22,81.82,1443.3048,274.9152
10927,PROD0020,5,410.7,0,362.2374,48.4626
10953,PROD0020,50,4404.75,209.75,3699.99,704.76
10986,PROD0020,15,1211.7,0,1068.7194,142.9806
11034,PROD0021,15,178.86,16.26,143.4132,35.4468
11040,PROD0021,20,209.2,0,184.5144,24.6856
11058,PROD0021,3,30.9,0,27.2538,3.6462
11083,PROD0021,15,149.25,0,131.6385,17.6115
10259,PROD0021,10,101.4,0,87.6096,13.7904
10261,PROD0021,20,200.2,0,172.9728,27.2272
10333,PROD0021,10,115.5,10.5,99.0989,16.4011
10368,PROD0021,5,57.915,5.265,45.4896,12.4254
10397,PROD0021,10,123.165,16.065,88.6788,34.4862
10406,PROD0021,30,346.83,31.53,277.302,69.528
10409,PROD0021,12,131.52,0,108.8986,22.6214
10430,PROD0021,50,513,0,424.764,88.236
10456,PROD0021,40,422.74,55.14,336.004,86.736
10461,PROD0021,40,493,98.6,326.5632,166.4368
10477,PROD0021,21,236.775,47.355,161.4655,75.3095
10484,PROD0021,14,134.12,0,111.0514,23.0686
10504,PROD0021,12,129,0,106.812,22.188
10513,PROD0021,40,475.68,79.28,328.2192,147.4608
10539,PROD0021,15,163.65,0,132.5565,31.0935
10550,PROD0021,6,62.7,5.7,46.17,16.53
10609,PROD0021,6,64.14,0,51.9534,12.1866
10614,PROD0021,8,87.36,0,70.7616,16.5984
10619,PROD0021,42,383.88,0,310.9428,72.9372
10623,PROD0021,25,276.375,25.125,203.5125,72.8625
10642,PROD0021,30,381.24,63.54,257.337,123.903
10658,PROD0021,60,582,0,471.42,110.58
10681,PROD0021,12,122.364,11.124,90.1044,32.2596
10716,PROD0021,5,48.7,0,39.447,9.253
10717,PROD0021,32,339.696,16.176,262.0512,77.6448
10729,PROD0021,30,284.7,0,230.607,54.093
10731,PROD0021,40,412.02,19.62,317.844,94.176
10763,PROD0021,40,423.6,0,343.116,80.484
10861,PROD0021,40,367.6,0,324.2232,43.3768
10873,PROD0021,20,205.4,0,181.1628,24.2372
10884,PROD0021,40,415.8,19.8,349.272,66.528
10929,PROD0021,60,556.2,0,490.5684,65.6316
10930,PROD0021,36,386.28,0,371.1492,15.1308
10956,PROD0021,12,120.12,0,105.9458,14.1742
10978,PROD0021,40,460.92,60.12,353.5056,107.4144
10990,PROD0021,65,675.35,0,595.6587,79.6913
11083,PROD0022,15,52.5,0,46.305,6.195
10251,PROD0022,6,21.357,1.017,16.8415,4.5155
10435,PROD0022,12,45,0,37.26,7.74
10553,PROD0022,24,78.72,0,63.7632,14.9568
10603,PROD0022,48,159.84,0,129.4704,30.3696
10619,PROD0022,40,130.8,0,105.948,24.852
10635,PROD0022,40,129.2,0,104.652,24.548
10648,PROD0022,15,52.65,0,42.6465,10.0035
10651,PROD0022,20,88.75,17.75,57.51,31.24
10763,PROD0022,6,21.96,0,17.7876,4.1724
10768,PROD0022,4,13.68,0,11.0808,2.5992
10836,PROD0022,52,184.08,0,162.3586,21.7214
10844,PROD0022,35,125.65,0,110.8233,14.8267
10943,PROD0022,21,73.29,0,64.6418,8.6482
11001,PROD0022,25,95.5,0,84.231,11.269
11077,PROD0023,14,132.58,0,116.9356,15.6444
10337,PROD0023,40,360,0,311.04,48.96
10348,PROD0023,25,230.75,0,199.368,31.382
10396,PROD0023,40,344,0,284.832,59.168
10402,PROD0023,60,544.2,0,450.5976,93.6024
10462,PROD0023,21,178.5,0,156.1513,22.3487
10470,PROD0023,15,133.65,0,110.6622,22.9878
10495,PROD0023,10,83.3,0,68.9724,14.3276
10543,PROD0023,70,772.8,100.8,544.32,228.48
10554,PROD0023,20,197.82,9.42,152.604,45.216
10621,PROD0023,10,96.4,0,78.084,18.316
10670,PROD0023,32,274.88,0,222.6528,52.2272
10674,PROD0023,5,48.55,0,39.3255,9.2245
10748,PROD0023,44,419.76,0,340.0056,79.7544
10811,PROD0023,18,178.2,0,144.342,33.858
10845,PROD0023,70,721.49,65.59,615.1821,106.3079
10869,PROD0023,50,419,0,369.558,49.442
10880,PROD0023,30,299.16,49.86,219.8826,79.2774
10935,PROD0023,8,91.2,18.24,64.3507,26.8493
11013,PROD0023,10,91.4,0,80.6148,10.7852
11027,PROD0024,30,179.625,35.925,126.7434,52.8816
11031,PROD0024,21,94.92,0,83.7194,11.2006
11051,PROD0024,10,49.68,8.28,36.5148,13.1652
11055,PROD0024,15,67.35,0,59.4027,7.9473
11073,PROD0024,20,92,0,81.144,10.856
11083,PROD0024,50,236.25,11.25,198.45,37.8
10254,PROD0024,15,77.97,10.17,56.1384,21.8316
10263,PROD0024,28,114.52,0,100.7798,13.7402
10275,PROD0024,12,51.912,2.472,46.0545,5.8575
10280,PROD0024,12,51,0,44.064,6.936
10281,PROD0024,6,25.08,0,21.6691,3.4109
10293,PROD0024,10,41.1,0,35.5104,5.5896
10352,PROD0024,10,47.3,0,40.8672,6.4328
10355,PROD0024,25,116.5,0,100.656,15.844
10358,PROD0024,10,44.52,2.12,36.6336,7.8864
10386,PROD0024,15,61.65,0,51.0462,10.6038
10387,PROD0024,15,72.75,0,65.5554,7.1946
10446,PROD0024,20,92.62,8.42,69.7176,22.9024
10465,PROD0024,25,110.25,0,91.287,18.963
10467,PROD0024,28,128.8,0,116.1418,12.6582
10472,PROD0024,80,351.96,16.76,281.694,70.266
10498,PROD0024,14,68.6,0,56.8008,11.7992
10512,PROD0024,10,52.9,6.9,38.088,14.812
10518,PROD0024,5,21.65,0,17.9262,3.7238
10520,PROD0024,8,37.44,0,31.0003,6.4397
10541,PROD0024,35,162.47,14.77,119.637,42.833
10555,PROD0024,18,88.56,14.76,59.778,28.782
10565,PROD0024,25,121.825,11.075,89.7075,32.1175
10597,PROD0024,35,206.64,34.44,139.482,67.158
10620,PROD0024,5,22.05,0,17.8605,4.1895
10623,PROD0024,3,13.11,0,10.6191,2.4909
10648,PROD0024,15,83.6625,10.9125,58.9275,24.735
10695,PROD0024,20,98.4,0,79.704,18.696
10704,PROD0024,35,160.3,0,129.843,30.457
10763,PROD0024,20,87.4,0,70.794,16.606
10799,PROD0024,20,105.11,13.71,74.034,31.076
10859,PROD0024,40,225.5,45.1,159.1128,66.3872
10866,PROD0024,6,35.175,7.035,24.8195,10.3555
10883,PROD0024,8,34.8,0,30.6936,4.1064
10885,PROD0024,12,54.72,0,48.263,6.457
10893,PROD0024,10,47,0,41.454,5.546
10895,PROD0024,110,504.9,0,445.3218,59.5782
10922,PROD0024,35,166.25,0,146.6325,19.6175
10946,PROD0024,25,115.75,0,102.0915,13.6585
10960,PROD0024,10,58,11.6,40.9248,17.0752
10968,PROD0024,30,128.1,0,112.9842,15.1158
10979,PROD0024,80,329.6,0,290.7072,38.8928
10984,PROD0024,20,92.8,0,81.8496,10.9504
10998,PROD0024,12,49.56,0,43.7119,5.8481
11000,PROD0024,30,162.75,32.55,114.8364,47.9136
11009,PROD0024,12,50.16,0,44.2411,5.9189
11010,PROD0024,10,44.7,0,39.4254,5.2746
11055,PROD0025,15,189.3,0,166.9626,22.3374
10323,PROD0025,4,57.36,0,49.559,7.801
10347,PROD0025,10,132.1,0,114.1344,17.9656
10362,PROD0025,50,752,0,649.728,102.272
10393,PROD0025,7,126.175,25.235,83.5783,42.5967
10467,PROD0025,12,161.52,0,145.9954,15.5246
10492,PROD0025,60,868.14,41.34,684.5904,183.5496
10506,PROD0025,18,292.446,26.586,220.1321,72.3139
10760,PROD0025,12,192,38.4,129.195,62.805
10761,PROD0025,35,622.5625,124.5125,403.4205,219.142
10803,PROD0025,15,223.1775,10.6275,172.1655,51.012
10810,PROD0025,5,67.15,0,54.3915,12.7585
10832,PROD0025,10,165.6,27.6,121.716,43.884
10840,PROD0025,6,110.808,18.468,81.4439,29.3641
10850,PROD0025,20,318.32,41.52,244.1376,74.1824
10851,PROD0025,10,138.285,6.585,116.1594,22.1256
10887,PROD0025,5,65.6,0,57.8592,7.7408
10919,PROD0025,24,305.52,0,296.6227,8.8973
11021,PROD0026,63,1901.34,0,1676.9819,224.3581
11024,PROD0026,12,401.28,0,353.929,47.351
10330,PROD0026,50,1882.55,245.55,1414.368,468.182
10337,PROD0026,24,805.2,0,725.2697,79.9303
10357,PROD0026,16,471.04,0,406.9786,64.0614
10393,PROD0026,70,2749.25,549.85,1866.9716,882.2784
10404,PROD0026,30,1068.795,50.895,842.8212,225.9738
10421,PROD0026,30,955.8,0,791.4024,164.3976
10422,PROD0026,2,56.66,0,46.9145,9.7455
10432,PROD0026,10,300.4,0,248.7312,51.6688
10444,PROD0026,15,464.55,0,384.6474,79.9026
10448,PROD0026,6,195.18,0,161.609,33.571
10458,PROD0026,30,846.3,0,700.7364,145.5636
10487,PROD0026,30,1002,0,829.656,172.344
10540,PROD0026,40,1368.4,0,1108.404,259.996
10587,PROD0026,6,199.74,0,161.7894,37.9506
10592,PROD0026,5,151.515,7.215,116.883,34.632
10633,PROD0026,35,1284.3775,167.5275,904.6485,379.729
10677,PROD0026,30,1158.51,151.11,815.994,342.516
10686,PROD0026,15,443.25,0,359.0325,84.2175
10713,PROD0026,30,941.7,0,762.777,178.923
10723,PROD0026,15,480.75,0,389.4075,91.3425
10751,PROD0026,12,402.204,36.564,296.1684,106.0356
10758,PROD0026,20,577.4,0,499.8365,77.5635
10796,PROD0026,21,710.388,118.398,505.036,205.352
10817,PROD0026,40,1378.16,179.76,970.704,407.456
10825,PROD0026,12,342.6,0,302.1732,40.4268
10849,PROD0026,18,693.45,90.45,531.846,161.604
10857,PROD0026,35,1294.125,258.825,913.1346,380.9904
10868,PROD0026,20,666.4,0,587.7648,78.6352
10973,PROD0026,5,154.2,0,136.0044,18.1956
11004,PROD0026,6,178.08,0,157.0666,21.0134
10257,PROD0027,25,1077.25,0,891.963,185.287
10284,PROD0027,15,806.8125,161.3625,557.6688,249.1437
10441,PROD0027,50,2212.5,0,1831.95,380.55
10515,PROD0027,120,5004,0,4143.312,860.688
10598,PROD0027,50,2074.5,0,1680.345,394.155
10760,PROD0027,40,1592,0,1375.6069,216.3931
10858,PROD0027,10,433.5,0,382.347,51.153
10930,PROD0027,25,1039.5,0,1012.7721,26.7279
10979,PROD0027,30,1213.5,0,1070.307,143.193
11039,PROD0028,20,958,0,844.956,113.044
11068,PROD0028,8,431.112,56.232,330.6442,100.4678
10277,PROD0028,20,889.6,0,768.6144,120.9856
10302,PROD0028,28,1198.68,0,1035.6595,163.0205
10312,PROD0028,4,196.68,0,179.4667,17.2133
10319,PROD0028,14,682.78,0,589.9219,92.8581
10360,PROD0028,30,1262.1,0,1090.4544,171.6456
10368,PROD0028,13,678.821,61.711,533.183,145.638
10377,PROD0028,20,947.14,123.54,711.5904,235.5496
10387,PROD0028,6,285.06,0,236.0297,49.0303
10406,PROD0028,42,2187.108,198.828,1646.2958,540.8122
10443,PROD0028,12,522.24,0,432.4147,89.8253
10452,PROD0028,15,736.35,0,609.6978,126.6522
10458,PROD0028,30,1445.7,0,1197.0396,248.6604
10474,PROD0028,18,789.66,0,653.8385,135.8215
10499,PROD0028,20,872.8,0,772.1489,100.6511
10500,PROD0028,8,394.128,18.768,310.7981,83.3299
10509,PROD0028,3,149.76,0,134.1337,15.6263
10514,PROD0028,35,1618.05,0,1339.7454,278.3046
10544,PROD0028,7,304.15,0,246.3615,57.7885
10624,PROD0028,10,448.6,0,363.366,85.234
10643,PROD0028,15,873,174.6,565.704,307.296
10649,PROD0028,20,948.6,0,768.366,180.234
10688,PROD0028,60,2856.48,259.68,2103.408,753.072
10733,PROD0028,20,998.8,0,809.028,189.772
10740,PROD0028,5,252.66,42.11,170.5455,82.1145
10804,PROD0028,24,1090.32,0,883.1592,207.1608
10873,PROD0028,3,134.64,0,118.7525,15.8875
10924,PROD0028,30,1544.4,140.4,1238.328,306.072
10937,PROD0028,8,397.28,0,350.401,46.879
10952,PROD0028,2,89.1,0,78.5862,10.5138
10976,PROD0028,20,846.8,0,746.8776,99.9224
11008,PROD0028,70,3123.015,148.715,2623.3326,499.6824
11030,PROD0029,60,10074.75,2014.95,7108.7436,2966.0064
10268,PROD0029,10,1173,0,1013.472,159.528
10290,PROD0029,15,1890.45,0,1633.3488,257.1012
10305,PROD0029,25,3133.35,284.85,2461.104,672.246
10354,PROD0029,4,521.36,0,450.455,70.905
10360,PROD0029,35,4751.6,0,4105.3824,646.2176
10369,PROD0029,20,2355.6,0,2035.2384,320.3616
10382,PROD0029,14,1811.32,0,1499.773,311.547
10400,PROD0029,21,2554.65,0,2115.2502,439.3998
10440,PROD0029,24,3564.54,464.94,2566.4688,998.0712
10465,PROD0029,18,2646.864,240.624,2087.2047,559.6594
10510,PROD0029,36,4764.24,0,3944.7907,819.4493
10583,PROD0029,10,1157.6,0,937.656,219.944
10624,PROD0029,6,725.7,0,587.817,137.883
10629,PROD0029,20,2389.8,0,1935.738,454.062
10666,PROD0029,36,4708.8,0,3814.128,894.672
10687,PROD0029,10,1321.2,0,1070.172,251.028
10691,PROD0029,40,4824.8,0,3908.088,916.712
10698,PROD0029,12,1570.842,74.802,1211.7924,359.0496
10772,PROD0029,18,2206.44,0,1787.2164,419.2236
10787,PROD0029,20,2642.01,125.81,2038.122,603.888
10791,PROD0029,14,1692.558,80.598,1305.6876,386.8704
10801,PROD0029,20,3298.5,659.7,2137.428,1161.072
10834,PROD0029,8,1124.088,53.528,968.0485,156.0395
10857,PROD0029,10,1521.25,304.25,1073.394,447.856
10893,PROD0029,24,3030.72,0,2673.095,357.625
10897,PROD0029,80,10652,0,9395.064,1256.936
10912,PROD0029,60,9170.25,1834.05,6470.5284,2699.7216
10971,PROD0029,14,1892.24,0,1668.9557,223.2843
10993,PROD0029,50,7867.5,1573.5,5551.308,2316.192
11006,PROD0029,2,327.875,65.575,231.3486,96.5264
11007,PROD0029,10,1344.1,0,1185.4962,158.6038
11065,PROD0030,4,123,24.6,94.2484,28.7516
10263,PROD0030,60,1992.75,398.55,1377.3888,615.3612
10282,PROD0030,6,158.28,0,136.7539,21.5261
10306,PROD0030,10,280.2,0,242.0928,38.1072
10327,PROD0030,35,1008.84,168.14,726.3648,282.4752
10329,PROD0030,8,206.724,9.844,170.1043,36.6197
10338,PROD0030,15,381,0,329.184,51.816
10380,PROD0030,18,505.098,45.918,396.7315,108.3665
10401,PROD0030,18,469.26,0,388.5473,80.7127
10461,PROD0030,28,955.15,191.03,632.6914,322.4586
10468,PROD0030,8,188.4,0,155.9952,32.4048
10522,PROD0030,20,621.12,103.52,428.5728,192.5472
10524,PROD0030,10,272.5,0,225.63,46.87
10532,PROD0030,15,369.9,0,299.619,70.281
10534,PROD0030,10,263.1,0,213.111,49.989
10560,PROD0030,20,512.4,0,415.044,97.356
10650,PROD0030,30,825.3,0,668.493,156.807
10652,PROD0030,2,65.6,13.12,42.5088,23.0912
10719,PROD0030,3,100.65,20.13,70.1569,30.4931
10728,PROD0030,15,356.25,0,288.5625,67.6875
10734,PROD0030,15,351.3,0,287.0694,64.2306
10751,PROD0030,30,708.3,0,573.723,134.577
10786,PROD0030,15,503.46,83.91,339.8355,163.6245
10802,PROD0030,25,812.1875,162.4375,574.1388,238.0487
10834,PROD0030,20,511.77,24.37,458.8188,52.9512
10866,PROD0030,40,1204.5,240.9,849.8952,354.6048
10891,PROD0030,15,428.2425,20.3925,359.7237,68.5188
10893,PROD0030,35,959,0,845.838,113.162
10897,PROD0030,36,945.72,0,834.125,111.595
10917,PROD0030,1,26.2,0,23.1084,3.0916
10957,PROD0030,30,838.2,0,739.2924,98.9076
11015,PROD0030,15,425.4,0,375.2028,50.1972
11070,PROD0031,20,169,0,149.058,19.942
10253,PROD0031,20,165.6,0,140.5657,25.0343
10272,PROD0031,40,312.4,0,269.9136,42.4864
10273,PROD0031,15,140.9625,6.7125,115.992,24.9705
10325,PROD0031,4,31.2,0,26.9568,4.2432
10335,PROD0031,25,254.4,42.4,183.168,71.232
10342,PROD0031,56,585.984,97.664,421.9085,164.0755
10356,PROD0031,30,276.6,0,238.9824,37.6176
10359,PROD0031,70,639.45,30.45,526.176,113.274
10363,PROD0031,20,186,0,174.0099,11.9901
10374,PROD0031,30,273.3,0,236.1312,37.1688
10376,PROD0031,42,341.334,16.254,280.8691,60.4649
10390,PROD0031,60,595.98,54.18,448.6104,147.3696
10393,PROD0031,32,257.6,0,213.2928,44.3072
10423,PROD0031,14,107.66,0,89.1425,18.5175
10446,PROD0031,3,27.291,2.481,20.5427,6.7483
10475,PROD0031,35,374.7275,48.8775,269.8038,104.9237
10496,PROD0031,20,171.57,8.17,135.2952,36.2748
10536,PROD0031,20,178.2,0,144.342,33.858
10537,PROD0031,30,240,0,194.4,45.6
10549,PROD0031,55,487.025,63.525,343.035,143.99
10553,PROD0031,30,248.1,0,200.961,47.139
10564,PROD0031,6,48.51,2.31,37.422,11.088
10567,PROD0031,60,624.24,104.04,421.362,202.878
10569,PROD0031,35,358.26,59.71,265.7266,92.5334
10576,PROD0031,20,165,0,143.5829,21.4171
10584,PROD0031,50,480.375,22.875,373.3369,107.0381
10659,PROD0031,20,173.04,8.24,133.488,39.552
10668,PROD0031,8,71.896,6.536,52.9416,18.9544
10680,PROD0031,20,195.25,39.05,126.522,68.728
10705,PROD0031,20,183,0,148.23,34.77
10722,PROD0031,50,392.5,0,317.925,74.575
10730,PROD0031,3,27.468,1.308,21.1896,6.2784
10747,PROD0031,8,65.92,0,53.3952,12.5248
10768,PROD0031,50,423,0,348.123,74.877
10773,PROD0031,70,761.88,126.98,514.269,247.611
10774,PROD0031,2,19.7,3.94,12.7656,6.9344
10776,PROD0031,16,133.56,6.36,110.5601,22.9999
10782,PROD0031,1,8.19,0,6.6339,1.5561
10783,PROD0031,10,81.6,0,66.096,15.504
10812,PROD0031,16,155.76,14.16,122.2674,33.4926
10826,PROD0031,35,310.1,0,273.5082,36.5918
10833,PROD0031,9,87.417,7.947,71.4278,15.9892
10855,PROD0031,14,119.28,0,105.205,14.075
10886,PROD0031,35,317.45,0,284.4417,33.0083
10941,PROD0031,44,441.1,88.22,311.2402,129.8598
10945,PROD0031,10,79,0,69.678,9.322
10953,PROD0031,50,414.225,19.725,347.949,66.276
10954,PROD0031,25,242.075,31.575,185.661,56.414
10979,PROD0031,24,207.6,0,183.1827,24.4173
11016,PROD0031,15,122.85,0,108.3537,14.4963
11046,PROD0032,15,328.3875,15.6375,275.8455,52.542
11053,PROD0032,20,411.2,0,392.0924,19.1076
11077,PROD0032,10,189.8,0,181.724,8.076
10258,PROD0032,6,139.32,23.22,100.3104,39.0096
10314,PROD0032,40,874.72,79.52,687.0528,187.6672
10335,PROD0032,6,134.208,22.368,96.6298,37.5782
10513,PROD0032,50,1079.4,179.9,744.786,334.614
10547,PROD0032,24,492.384,64.224,346.8096,145.5744
10572,PROD0032,10,223.96,20.36,164.916,59.044
10705,PROD0032,4,78.72,0,69.1053,9.6147
10759,PROD0032,10,198.5,0,160.785,37.715
10818,PROD0032,20,410.4,0,365.8319,44.5681
10916,PROD0032,6,123.54,0,108.9623,14.5777
10985,PROD0032,35,790.405,71.855,633.7611,156.6439
10997,PROD0032,50,1016.5,0,896.553,119.947
11024,PROD0033,30,707.4,0,623.9268,83.4732
11045,PROD0033,15,375.3,0,331.0146,44.2854
11054,PROD0033,10,238.4,0,210.2688,28.1312
11083,PROD0033,3,76.5,0,67.473,9.027
10252,PROD0033,25,620.55,29.55,489.348,131.202
10269,PROD0033,60,1726.2,82.2,1420.416,305.784
10271,PROD0033,24,577.44,0,498.9082,78.5318
10273,PROD0033,20,509,0,439.776,69.224
10341,PROD0033,8,211.6,0,182.8224,28.7776
10382,PROD0033,60,1649.4,0,1365.7032,283.6968
10410,PROD0033,49,1272.04,0,1053.2491,218.7909
10414,PROD0033,50,1290.5,0,1107.4765,183.0235
10415,PROD0033,20,516.8,0,464.8058,51.9942
10454,PROD0033,20,668.88,111.48,461.5272,207.3528
10473,PROD0033,12,319.08,0,264.1982,54.8818
10515,PROD0033,16,515.384,67.224,371.0765,144.3075
10528,PROD0033,8,261.408,43.568,180.3715,81.0365
10536,PROD0033,30,692.4,0,560.844,131.556
10539,PROD0033,15,414.6,0,335.826,78.774
10562,PROD0033,20,579.04,52.64,426.384,152.656
10574,PROD0033,14,387.1,0,313.551,73.549
10607,PROD0033,14,340.2,0,275.562,64.638
10632,PROD0033,20,522.48,24.88,403.056,119.424
10677,PROD0033,8,243.892,31.812,171.7848,72.1072
10678,PROD0033,30,756,0,612.36,143.64
10682,PROD0033,30,764.1,0,618.921,145.179
10815,PROD0033,16,447.36,0,362.3616,84.9984
10850,PROD0033,4,121.164,15.804,92.9275,28.2365
10861,PROD0033,35,920.85,0,812.1897,108.6603
10913,PROD0033,40,1163.5,232.7,820.9656,342.5344
10915,PROD0033,30,788.1,0,695.1042,92.9958
10951,PROD0033,15,373.59,17.79,313.8156,59.7744
10972,PROD0033,7,177.31,0,164.3035,13.0065
11063,PROD0034,30,241.8,0,213.2676,28.5324
11066,PROD0034,35,265.65,0,234.3033,31.3467
10287,PROD0034,20,153.4,0,132.5376,20.8624
10315,PROD0034,14,117.32,0,101.3645,15.9555
10358,PROD0034,10,86.73,4.13,73.1107,13.6193
10367,PROD0034,36,272.16,0,256.6889,15.4711
10386,PROD0034,10,84.8,0,70.2144,14.5856
10438,PROD0034,20,179.52,29.92,123.8688,55.6512
10483,PROD0034,35,294,14,231.84,62.16
10548,PROD0034,10,109.125,21.825,70.713,38.412
10573,PROD0034,40,295.2,0,239.112,56.088
10688,PROD0034,14,111.86,0,90.6066,21.2534
10700,PROD0034,12,125.856,20.976,84.9528,40.9032
10757,PROD0034,30,232.5,0,188.325,44.175
10805,PROD0034,10,77,0,62.37,14.63
10890,PROD0034,10,80.3,0,74.3952,5.9048
10937,PROD0034,20,154.2,0,136.0044,18.1956
10990,PROD0034,60,516.81,67.41,396.3708,120.4392
11008,PROD0034,90,771.12,36.72,647.7408,123.3792
11035,PROD0035,60,366.6,0,323.3412,43.2588
11039,PROD0035,24,147.84,0,130.3949,17.4451
11046,PROD0035,18,119.259,5.679,100.1776,19.0814
10261,PROD0035,20,131.2,0,115.916,15.284
10281,PROD0035,4,25.48,0,22.4386,3.0414
10286,PROD0035,100,606,0,523.584,82.416
10321,PROD0035,10,54.3,0,46.9152,7.3848
10324,PROD0035,70,452.41,59.01,339.8976,112.5124
10390,PROD0035,40,288.64,26.24,217.2672,71.3728
10398,PROD0035,30,163.5,0,146.3896,17.1104
10400,PROD0035,35,203,0,168.084,34.916
10424,PROD0035,60,399.6,66.6,275.724,123.876
10444,PROD0035,8,45.6,0,37.7568,7.8432
10521,PROD0035,3,18.72,0,15.5002,3.2198
10546,PROD0035,30,181.8,0,147.258,34.542
10551,PROD0035,20,130.18,16.98,91.692,38.488
10553,PROD0035,6,37.5,0,30.375,7.125
10578,PROD0035,20,129.4,0,104.814,24.586
10587,PROD0035,20,128.4,0,104.004,24.396
10589,PROD0035,4,24.32,0,19.6992,4.6208
10595,PROD0035,30,219.75,43.95,142.398,77.352
10623,PROD0035,30,202.29,18.39,148.959,53.331
10697,PROD0035,9,67.6125,13.5225,43.8129,23.7996
10720,PROD0035,21,138.18,0,111.9258,26.2542
10740,PROD0035,35,252,42,170.1,81.9
10789,PROD0035,15,87.9,0,71.199,16.701
10821,PROD0035,20,117,0,94.77,22.23
10831,PROD0035,8,45.12,0,39.7958,5.3242
10836,PROD0035,6,38.28,0,35.0965,3.1835
10845,PROD0035,25,178.475,16.225,143.1045,35.3705
10864,PROD0035,4,25.28,0,22.297,2.983
10868,PROD0035,30,187.2,0,165.1104,22.0896
10870,PROD0035,3,19.26,0,16.9873,2.2727
10921,PROD0035,10,55.9,0,49.3038,6.5962
10957,PROD0035,40,237.6,0,209.5632,28.0368
11002,PROD0035,15,100.05,13.05,76.734,23.316
11016,PROD0036,16,138.56,0,122.2099,16.3501
11032,PROD0036,35,261.8,0,230.9076,30.8924
10255,PROD0036,25,194.25,0,160.839,33.411
10270,PROD0036,30,233.4,0,201.6576,31.7424
10298,PROD0036,40,367,73.4,253.6704,113.3296
10313,PROD0036,12,101.64,0,87.817,13.823
10337,PROD0036,20,159.8,0,138.0672,21.7328
10342,PROD0036,40,362.88,60.48,261.2736,101.6064
10358,PROD0036,20,159.81,7.61,131.5008,28.3092
10371,PROD0036,6,55.944,9.324,40.2797,15.6643
10406,PROD0036,5,43.34,3.94,32.6232,10.7168
10525,PROD0036,30,219.3,0,195.8452,23.4548
10527,PROD0036,30,277.2,25.2,208.656,68.544
10547,PROD0036,60,514.8,0,416.988,97.812
10563,PROD0036,25,202,0,163.62,38.38
10610,PROD0036,21,198.975,39.795,128.9358,70.0392
10612,PROD0036,55,400.95,0,324.7695,76.1805
10645,PROD0036,15,118.95,0,96.3495,22.6005
10669,PROD0036,30,241.8,0,195.858,45.942
10687,PROD0036,6,58.05,11.61,37.6164,20.4336
10708,PROD0036,5,41.9,0,33.939,7.961
10718,PROD0036,40,314,0,254.34,59.66
10739,PROD0036,6,44.76,0,36.2556,8.5044
10756,PROD0036,20,177.84,29.64,120.042,57.798
10784,PROD0036,30,238.2,0,192.942,45.258
10838,PROD0036,50,476.875,95.375,336.483,140.392
10893,PROD0036,20,147.8,0,130.3596,17.4404
10925,PROD0036,25,228.85,29.85,175.518,53.332
10936,PROD0036,30,313.92,52.32,230.7312,83.1888
10984,PROD0036,40,350,0,315.8472,34.1528
11009,PROD0036,18,188.55,37.71,133.0409,55.5091
11083,PROD0037,7,31.5,0,27.783,3.717
10259,PROD0037,1,4.37,0,3.7757,0.5943
10337,PROD0037,28,109.2,0,94.3488,14.8512
10408,PROD0037,10,39.2,0,32.4576,6.7424
10523,PROD0037,18,79.794,7.254,60.8305,18.9635
10847,PROD0037,60,285.12,47.52,209.5632,75.5568
10966,PROD0037,8,33.36,0,32.4593,0.9007
11032,PROD0038,25,2139,0,1886.598,252.402
10329,PROD0038,20,1624.56,77.36,1336.7808,287.7792
10351,PROD0038,20,1575.84,75.04,1296.6912,279.1488
10353,PROD0038,50,4524,754,3257.28,1266.72
10360,PROD0038,10,807.4,0,697.5936,109.8064
10372,PROD0038,40,3897,779.4,2702.9957,1194.0043
10417,PROD0038,50,3960.5,0,3292.6152,667.8848
10424,PROD0038,49,5068.56,844.76,3497.3064,1571.2536
10479,PROD0038,30,2492.1,0,2063.4588,428.6412
10518,PROD0038,15,1150.35,0,952.4898,197.8602
10540,PROD0038,30,2527.2,0,2047.032,480.168
10541,PROD0038,4,340.824,30.984,250.9704,89.8536
10616,PROD0038,15,1191.8025,56.7525,964.3387,227.4638
10672,PROD0038,15,1367.85,124.35,1094.7984,273.0516
10783,PROD0038,5,372.25,0,313.7997,58.4503
10805,PROD0038,10,848.9,0,687.609,161.291
10816,PROD0038,30,2774.205,132.105,2140.101,634.104
10817,PROD0038,30,2451.9,0,1986.039,465.861
10828,PROD0038,2,150.96,0,133.1467,17.8133
10831,PROD0038,8,686.8,0,605.7576,81.0424
10865,PROD0038,60,5111.82,243.42,4293.9288,817.8912
10889,PROD0038,40,3511.6,0,3097.2312,414.3688
10964,PROD0038,5,436.4,0,384.9048,51.4952
10981,PROD0038,60,4796.4,0,4230.4248,565.9752
11069,PROD0039,20,1165.2,0,1075.3017,89.8983
11077,PROD0039,10,578.55,27.55,485.982,92.568
10253,PROD0039,42,2433.9,0,2015.2692,418.6308
10257,PROD0039,6,329.04,0,272.7112,56.3288
10297,PROD0039,60,3561,0,3076.704,484.296
10305,PROD0039,30,1889.25,171.75,1483.92,405.33
10323,PROD0039,4,244.84,0,211.5418,33.2982
10347,PROD0039,50,3376.4,440.4,2536.704,839.696
10361,PROD0039,54,3596.076,326.916,2824.5542,771.5218
10377,PROD0039,20,1374.94,179.34,1032.9984,341.9416
10445,PROD0039,6,351.42,0,290.9758,60.4442
10455,PROD0039,20,1297.8,0,1074.5784,223.2216
10477,PROD0039,20,1427.5,285.5,945.576,481.924
10508,PROD0039,10,640.2,0,530.0856,110.1144
10577,PROD0039,10,627.2,0,508.032,119.168
10614,PROD0039,5,298.05,0,241.4205,56.6295
10643,PROD0039,21,1478.4,295.68,958.0032,520.3968
10647,PROD0039,20,1264,0,1023.84,240.16
10654,PROD0039,20,1397.88,127.08,1029.348,368.532
10661,PROD0039,3,236.268,39.378,159.4809,76.7871
10762,PROD0039,16,875.2,0,708.912,166.288
10764,PROD0039,130,7797.79,708.89,5742.009,2055.781
10784,PROD0039,2,141.036,18.396,99.3384,41.6976
10827,PROD0039,21,1141.98,0,1007.2264,134.7536
10830,PROD0039,28,1522.36,0,1342.7215,179.6385
10840,PROD0039,10,650.52,108.42,478.1322,172.3878
10865,PROD0039,80,5286.96,251.76,4441.0464,845.9136
10895,PROD0039,45,2893.5,0,2552.067,341.433
10899,PROD0039,8,591.284,77.124,453.4891,137.7949
10977,PROD0039,30,1816.2,0,1601.8884,214.3116
11038,PROD0040,5,106.62,17.77,78.3657,28.2543
11063,PROD0040,40,878.24,79.84,704.1888,174.0512
10267,PROD0040,50,935.5,0,808.272,127.228
10273,PROD0040,60,1219.05,58.05,1003.104,215.946
10285,PROD0040,40,826.56,137.76,595.1232,231.4368
10301,PROD0040,10,183.3,0,158.3712,24.9288
10303,PROD0040,40,775.28,70.48,608.9472,166.3328
10347,PROD0040,4,68,0,58.752,9.248
10406,PROD0040,2,41.646,3.786,31.3481,10.2979
10431,PROD0040,50,1118.75,223.75,741.06,377.69
10448,PROD0040,20,373,0,308.844,64.156
10465,PROD0040,20,387,0,320.436,66.564
10474,PROD0040,21,374.22,0,309.8542,64.3658
10482,PROD0040,10,175.9,0,152.0496,23.8504
10484,PROD0040,10,184,0,152.352,31.648
10498,PROD0040,5,90,0,74.52,15.48
10522,PROD0040,25,547.5,91.25,377.775,169.725
10525,PROD0040,15,304.59,27.69,229.2732,75.3168
10534,PROD0040,10,221.76,36.96,149.688,72.072
10535,PROD0040,10,213.4,19.4,157.14,56.26
10572,PROD0040,50,971.5,0,786.915,184.585
10574,PROD0040,2,38.58,0,31.2498,7.3302
10607,PROD0040,42,700.14,0,567.1134,133.0266
10641,PROD0040,60,1187.4,0,961.794,225.606
10658,PROD0040,70,1462.65,69.65,1128.33,334.32
10659,PROD0040,24,490.14,23.34,378.108,112.032
10663,PROD0040,30,609.21,29.01,469.962,139.248
10684,PROD0040,20,364.8,0,295.488,69.312
10728,PROD0040,6,106.92,0,86.6052,20.3148
10744,PROD0040,50,1187.4,197.9,801.495,385.905
10748,PROD0040,40,720.4,0,609.9546,110.4454
10754,PROD0040,3,51.63,0,41.8203,9.8097
10807,PROD0040,1,20.11,0,17.4058,2.7042
10811,PROD0040,30,523.8,0,424.278,99.522
10817,PROD0040,60,1247.52,162.72,878.688,368.832
10837,PROD0040,25,450.25,0,402.558,47.692
10879,PROD0040,12,210.36,0,185.5375,24.8225
10895,PROD0040,91,1752.66,0,1545.8461,206.8139
10919,PROD0040,20,400,0,352.8,47.2
10978,PROD0040,10,182.9,0,161.3178,21.5822
11003,PROD0040,10,167.8,0,147.9996,19.8004
11063,PROD0041,30,317.46,28.86,254.5452,62.9148
11064,PROD0041,12,122.76,0,108.2743,14.4857
11067,PROD0041,9,84.06,0,74.1409,9.9191
11072,PROD0041,40,416,0,366.912,49.088
11077,PROD0041,8,69.76,0,61.5283,8.2317
10250,PROD0041,10,95.9,0,79.4052,16.4948
10260,PROD0041,16,200.4,40.08,138.5165,61.8835
10264,PROD0041,25,274.5625,35.8125,211.5246,63.0379
10316,PROD0041,10,89.6,0,77.4144,12.1856
10318,PROD0041,20,191.2,0,165.1968,26.0032
10340,PROD0041,12,115.038,5.478,94.6598,20.3782
10351,PROD0041,13,135.46,0,117.0374,18.4226
10379,PROD0041,8,82.104,7.464,64.489,17.615
10411,PROD0041,25,277.2,46.2,191.268,85.932
10444,PROD0041,30,275.7,0,228.2796,47.4204
10495,PROD0041,20,204.4,0,169.2432,35.1568
10516,PROD0041,80,924,84,695.52,228.48
10521,PROD0041,10,96.3,0,79.7364,16.5636
10523,PROD0041,6,68.64,6.24,51.6672,16.9728
10548,PROD0041,14,146.72,0,118.8432,27.8768
10559,PROD0041,12,109.872,5.232,84.7584,25.1136
10580,PROD0041,9,92.043,4.383,72.8989,19.1441
10655,PROD0041,20,251.28,41.88,169.614,81.666
10657,PROD0041,24,245.04,0,198.4824,46.5576
10678,PROD0041,120,1215.6,0,984.636,230.964
10685,PROD0041,4,36.84,0,29.8404,6.9996
10711,PROD0041,42,393.96,0,319.1076,74.8524
10725,PROD0041,12,123.36,0,99.9216,23.4384
10737,PROD0041,12,121.44,0,98.3664,23.0736
10747,PROD0041,35,316.75,0,256.5675,60.1825
10769,PROD0041,30,283.185,13.485,218.457,64.728
10778,PROD0041,10,90.6,0,73.386,17.214
10791,PROD0041,20,202.23,9.63,160.8241,41.4059
10793,PROD0041,14,125.86,0,101.9466,23.9134
10814,PROD0041,20,177.6,0,143.856,33.744
10818,PROD0041,20,206,0,166.86,39.14
10824,PROD0041,12,104.4,0,92.0808,12.3192
10890,PROD0041,14,127.68,0,112.6138,15.0662
10901,PROD0041,30,267.6,0,236.0232,31.5768
10909,PROD0041,5,50.45,0,44.4969,5.9531
10951,PROD0041,6,60.102,2.862,50.4857,9.6163
10960,PROD0041,24,229.92,0,202.7894,27.1306
10973,PROD0041,6,52.26,0,46.0933,6.1667
10989,PROD0041,4,37.36,0,32.9515,4.4085
10993,PROD0041,35,442.75,88.55,312.4044,130.3456
10999,PROD0041,20,199.5,9.5,167.58,31.92
11014,PROD0041,28,313.544,28.504,251.4053,62.1387
11035,PROD0042,30,399.6,0,383.087,16.513
11083,PROD0042,10,156.5,0,138.033,18.467
10248,PROD0042,10,140.4,0,116.2512,24.1488
10309,PROD0042,2,27.24,0,23.5354,3.7046
10311,PROD0042,6,89.58,0,77.3971,12.1829
10332,PROD0042,10,181.56,30.26,130.7232,50.8368
10345,PROD0042,9,136.71,0,118.1174,18.5926
10404,PROD0042,40,561.54,26.74,442.8144,118.7256
10463,PROD0042,50,743,0,615.204,127.796
10492,PROD0042,20,290.22,13.82,254.2259,35.9941
10498,PROD0042,30,453,0,375.084,77.916
10516,PROD0042,20,291.4,0,261.3874,30.0126
10571,PROD0042,28,435.988,56.868,307.0872,128.9008
10588,PROD0042,100,1669.2,278.2,1126.71,542.49
10625,PROD0042,5,74.6,0,60.426,14.174
10652,PROD0042,20,267.6,0,216.756,50.844
10663,PROD0042,30,464.94,22.14,366.7775,98.1625
10673,PROD0042,6,81.18,0,65.7558,15.4242
10680,PROD0042,40,693.5,138.7,449.388,244.112
10746,PROD0042,28,416.36,0,337.2516,79.1084
10767,PROD0042,2,26.7,0,21.627,5.073
10776,PROD0042,12,186.732,8.892,144.0504,42.6816
10777,PROD0042,20,360.96,60.16,243.648,117.312
10845,PROD0042,42,621.39,56.49,498.2418,123.1482
10856,PROD0042,20,268,0,236.376,31.624
10882,PROD0042,25,315.75,0,278.4915,37.2585
10923,PROD0042,10,158.4,26.4,116.424,41.976
10996,PROD0042,40,568.4,0,501.3288,67.0712
11002,PROD0042,24,354.936,46.296,274.4617,80.4743
11007,PROD0042,14,207.06,0,196.4352,10.6248
11013,PROD0042,4,59.16,0,54.1268,5.0332
11023,PROD0043,30,357.3,0,315.1386,42.1614
11052,PROD0043,30,429.12,71.52,315.4032,113.7168
11068,PROD0043,36,464.094,60.534,355.9399,108.1541
10270,PROD0043,25,326.5,0,282.096,44.404
10294,PROD0043,15,193.5,0,167.184,26.316
10302,PROD0043,12,129.84,0,112.1818,17.6582
10309,PROD0043,20,237.4,0,205.1136,32.2864
10312,PROD0043,24,314.64,0,271.849,42.791
10340,PROD0043,40,501.06,23.86,412.3008,88.7592
10458,PROD0043,20,252.8,0,217.8839,34.9161
10464,PROD0043,3,33.54,0,27.7711,5.7689
10468,PROD0043,15,173.85,0,143.9478,29.9022
10507,PROD0043,15,196.8225,25.6725,141.7122,55.1103
10524,PROD0043,60,780,0,645.84,134.16
10530,PROD0043,25,272.75,0,225.837,46.913
10644,PROD0043,20,262,0,212.22,49.78
10673,PROD0043,6,74.34,0,63.9842,10.3558
10691,PROD0043,40,457.6,0,370.656,86.944
10706,PROD0043,24,281.76,0,228.2256,53.5344
10760,PROD0043,30,464.25,92.85,300.834,163.416
10814,PROD0043,20,283.36,36.96,199.584,83.776
10819,PROD0043,7,79.59,0,64.4679,15.1221
10831,PROD0043,9,113.94,0,109.1021,4.8379
10842,PROD0043,5,55.45,0,48.9069,6.5431
10923,PROD0043,10,154.08,25.68,113.2488,40.8312
10938,PROD0043,24,380.1,76.02,282.411,97.689
10982,PROD0043,9,102.33,0,90.2551,12.0749
10987,PROD0043,6,78.42,0,69.1664,9.2536
11034,PROD0044,12,879.48,0,775.7014,103.7786
11042,PROD0044,15,1131.15,0,997.6743,133.4757
10278,PROD0044,16,1292.48,0,1116.7027,175.7773
10284,PROD0044,21,1435.77,0,1240.5053,195.2647
10291,PROD0044,24,2182.752,198.432,1714.4525,468.2995
10351,PROD0044,77,5961.879,283.899,4905.7747,1056.1043
10411,PROD0044,40,3298.56,549.76,2276.0064,1022.5536
10452,PROD0044,100,8495.55,404.55,6699.348,1796.202
10469,PROD0044,2,156.814,20.454,112.9061,43.9079
10491,PROD0044,15,1420.365,185.265,1022.6628,397.7022
10518,PROD0044,9,691.29,0,572.3881,118.9019
10551,PROD0044,40,2739.6,0,2219.076,520.524
10561,PROD0044,10,688.9,0,558.009,130.891
10576,PROD0044,21,1611.96,0,1305.6876,306.2724
10624,PROD0044,10,825.4,0,668.574,156.826
10656,PROD0044,28,2095.016,190.456,1542.6936,552.3224
10676,PROD0044,21,1565.76,0,1268.2656,297.4944
10691,PROD0044,24,1781.04,0,1442.6424,338.3976
10721,PROD0044,50,3967.425,188.925,3060.585,906.84
10745,PROD0044,16,1146.08,0,928.3248,217.7552
10796,PROD0044,10,713.9,0,578.259,135.641
10832,PROD0044,16,1308.288,218.048,961.5917,346.6963
10944,PROD0044,18,1636.425,327.285,1154.6615,481.7635
10978,PROD0044,6,496.593,64.773,380.8652,115.7278
10388,PROD0045,15,156.6,26.1,108.054,48.546
10465,PROD0045,30,339.57,30.87,255.6036,83.9664
10502,PROD0045,21,210,0,173.88,36.12
10549,PROD0045,100,1084.45,141.45,763.83,320.62
10638,PROD0045,20,177.2,0,143.532,33.668
10713,PROD0045,110,1129.7,0,989.4563,140.2437
10740,PROD0045,40,447.84,74.64,302.292,145.548
10750,PROD0045,40,405.72,52.92,285.768,119.952
10753,PROD0045,4,35.88,0,29.0628,6.8172
10776,PROD0045,27,258.2685,12.2985,199.2357,59.0328
10847,PROD0045,36,378,63,277.83,100.17
10896,PROD0045,15,140.85,0,124.2297,16.6203
10954,PROD0045,30,262.8,0,231.7896,31.0104
11013,PROD0045,20,179.4,0,158.2308,21.1692
11019,PROD0046,3,34.05,0,30.0321,4.0179
11075,PROD0046,30,454.71,59.31,348.7428,105.9672
11077,PROD0046,8,94.9008,1.8608,82.0613,12.8395
10287,PROD0046,15,210.9675,27.5175,168.0717,42.8958
10324,PROD0046,30,364.5,0,314.928,49.572
10390,PROD0046,45,487.35,0,403.5258,83.8242
10395,PROD0046,28,357.896,32.536,269.3981,88.4979
10417,PROD0046,2,31.55,6.31,20.8987,10.6513
10428,PROD0046,20,241.4,0,199.8792,41.5208
10436,PROD0046,5,64.25,0,53.199,11.051
10454,PROD0046,10,143.64,23.94,99.1116,44.5284
10459,PROD0046,20,251.58,11.98,198.3888,53.1912
10466,PROD0046,5,59.25,0,49.059,10.191
10512,PROD0046,9,129.8925,16.9425,93.5226,36.3699
10643,PROD0046,2,27.875,5.575,18.063,9.812
10644,PROD0046,21,300.3,27.3,221.13,79.17
10657,PROD0046,45,584.1,0,473.121,110.979
10670,PROD0046,60,745.8,0,667.4509,78.3491
10696,PROD0046,18,216.36,0,175.2516,41.1084
10713,PROD0046,24,273.84,0,221.8104,52.0296
10743,PROD0046,28,383.082,18.242,295.5204,87.5616
10813,PROD0046,35,419.65,0,339.9165,79.7335
10876,PROD0046,21,256.83,0,226.5241,30.3059
10943,PROD0046,15,185.85,0,163.9197,21.9303
10969,PROD0046,9,117.63,0,103.7497,13.8803
10997,PROD0046,20,315.5,63.1,222.6168,92.8832
11001,PROD0046,25,328.5,0,289.737,38.763
11083,PROD0047,5,127.5,0,112.455,15.045
10332,PROD0047,16,471.744,78.624,339.6557,132.0883
10418,PROD0047,55,1410.75,0,1168.101,242.649
10431,PROD0047,30,1012.125,202.425,670.4316,341.6934
10480,PROD0047,30,780.3,0,646.0884,134.2116
10512,PROD0047,6,183.885,23.985,132.3972,51.4878
10558,PROD0047,25,619,0,501.39,117.61
10585,PROD0047,15,375.6,0,304.236,71.364
10656,PROD0047,6,156.618,14.238,115.3278,41.2902
10657,PROD0047,10,253.2,0,205.092,48.108
10684,PROD0047,40,1051.6,0,851.796,199.804
10685,PROD0047,15,375.3,0,303.993,71.307
10699,PROD0047,12,286.56,0,232.1136,54.4464
10710,PROD0047,5,131.55,0,106.5555,24.9945
10714,PROD0047,50,1746.875,349.375,1131.975,614.9
10755,PROD0047,30,1044.75,208.95,676.998,367.752
10762,PROD0047,30,703.5,0,569.835,133.665
10837,PROD0047,40,1356,271.2,956.7936,399.2064
10875,PROD0047,21,564.102,51.282,452.3072,111.7948
10928,PROD0047,5,127.5,0,112.455,15.045
10956,PROD0047,14,322.56,0,284.4979,38.0621
10977,PROD0047,30,809.7,0,714.1554,95.5446
10403,PROD0048,70,2562.315,334.215,1844.8668,717.4482
10453,PROD0048,15,592.35,53.85,445.878,146.472
10507,PROD0048,15,551.1375,71.8875,396.819,154.3185
10604,PROD0048,6,220.506,20.046,162.3726,58.1334
10704,PROD0048,24,712.08,0,576.7848,135.2952
10814,PROD0048,8,304.52,39.72,214.488,90.032
11019,PROD0049,2,43.54,0,39.1742,4.3658
11039,PROD0049,60,1116,0,984.312,131.688
10253,PROD0049,40,796.4,0,659.4192,136.9808
10290,PROD0049,15,294.9,0,254.7936,40.1064
10304,PROD0049,30,593.7,0,512.9568,80.7432
10360,PROD0049,35,640.15,0,553.0896,87.0604
10400,PROD0049,30,646.5,0,563.1968,83.3032
10404,PROD0049,30,624.33,29.73,492.3288,132.0012
10456,PROD0049,21,484.932,63.252,349.151,135.781
10481,PROD0049,24,454.8,0,386.2125,68.5875
10499,PROD0049,25,476.5,0,394.542,81.958
10539,PROD0049,6,125.4,0,102.2553,23.1447
10603,PROD0049,25,507.4125,24.1625,391.4325,115.98
10612,PROD0049,18,324,0,262.44,61.56
10804,PROD0049,4,86.71,11.31,61.074,25.636
10868,PROD0049,42,899.514,81.774,762.6708,136.8432
10875,PROD0049,15,324.3,0,286.0326,38.2674
10882,PROD0049,20,458.85,59.85,351.918,106.932
10910,PROD0049,10,202.7,0,178.7814,23.9186
10942,PROD0049,28,551.88,0,486.7582,65.1218
10967,PROD0049,40,746.8,0,658.6776,88.1224
11072,PROD0050,22,347.82,0,306.7772,41.0428
10350,PROD0050,15,272.085,24.735,213.7104,58.3746
10383,PROD0050,15,231.45,0,191.6406,39.8094
10429,PROD0050,40,686,0,568.008,117.992
10465,PROD0050,25,378.25,0,313.191,65.059
10637,PROD0050,25,416.0625,19.8125,320.9625,95.1
10729,PROD0050,40,660.4,0,534.924,125.476
10751,PROD0050,20,330.44,30.04,243.324,87.116
10920,PROD0050,24,356.88,0,314.7682,42.1118
10948,PROD0050,9,144.45,0,127.4049,17.0451
11021,PROD0051,44,5569.85,1113.97,3930.0862,1639.7638
11026,PROD0051,10,929.8,0,820.0836,109.7164
11045,PROD0051,24,2461.2,0,2170.7784,290.4216
11055,PROD0051,20,1941.6,0,1712.4912,229.1088
11083,PROD0051,3,308.691,8.991,264.3354,44.3556
10249,PROD0051,40,4048,0,3642.6713,405.3287
10250,PROD0051,35,3931.2175,512.7675,2830.4766,1100.7409
10291,PROD0051,2,234.432,21.312,184.1357,50.2963
10335,PROD0051,48,6007.104,1001.184,4325.1149,1681.9891
10362,PROD0051,20,2195.8,0,1897.1712,298.6288
10397,PROD0051,18,2089.044,272.484,1504.1117,584.9323
10472,PROD0051,18,1632.42,0,1351.6438,280.7762
10484,PROD0051,3,272.88,0,225.9446,46.9354
10486,PROD0051,25,2421.25,0,2004.795,416.455
10537,PROD0051,6,552.84,0,447.8004,105.0396
10549,PROD0051,48,5390.832,703.152,3797.0208,1593.8112
10555,PROD0051,20,2441.04,406.84,1647.702,793.338
10558,PROD0051,20,1828.6,0,1588.9367,239.6633
10561,PROD0051,50,5042.5,0,4084.425,958.075
10567,PROD0051,3,324.06,0,262.4886,61.5714
10634,PROD0051,15,1514.85,0,1227.0285,287.8215
10663,PROD0051,20,2033.43,96.83,1568.646,464.784
10665,PROD0051,20,1880.6,0,1523.286,357.314
10709,PROD0051,28,2561.44,0,2074.7664,486.6736
10716,PROD0051,7,730.52,0,591.7212,138.7988
10731,PROD0051,30,2959.74,140.94,2283.228,676.512
10762,PROD0051,28,2742.6,0,2221.506,521.094
10776,PROD0051,120,11665.08,555.48,8998.776,2666.304
10800,PROD0051,10,1104.18,100.38,828.6221,275.5579
10802,PROD0051,30,4031.625,806.325,2612.493,1419.132
10821,PROD0051,6,630.9,0,511.029,119.871
10843,PROD0051,4,473.6,94.72,334.1722,139.4278
10860,PROD0051,3,325.41,0,287.0116,38.3984
10870,PROD0051,2,215.24,0,189.8417,25.3983
10948,PROD0051,40,4030.4,0,3554.8128,475.5872
10956,PROD0051,8,785.44,0,692.7581,92.6819
10965,PROD0051,16,1553.12,0,1369.8518,183.2682
10977,PROD0051,10,1047.5,0,923.895,123.605
10995,PROD0051,20,1995.8,0,1769.0579,226.7421
10999,PROD0051,15,1550.9025,73.8525,1302.7581,248.1444
11038,PROD0052,2,155.22,0,136.904,18.316
11077,PROD0052,8,662.64,0,584.4485,78.1915
10322,PROD0052,20,1560.4,0,1348.1856,212.2144
10334,PROD0052,8,582.08,0,502.9171,79.1629
10388,PROD0052,20,1983.6,330.6,1368.684,614.916
10446,PROD0052,15,1266.54,115.14,953.3592,313.1808
10449,PROD0052,20,1759.6,0,1456.9488,302.6512
10517,PROD0052,6,512.94,0,424.7143,88.2257
10558,PROD0052,30,2554.2,0,2068.902,485.298
10563,PROD0052,70,5688.9,0,4608.009,1080.891
10586,PROD0052,4,375.406,48.966,264.4164,110.9896
10594,PROD0052,24,1964.16,0,1590.9696,373.1904
10620,PROD0052,5,415.4,0,336.474,78.926
10683,PROD0052,9,688.41,0,557.6121,130.7979
10725,PROD0052,4,290.84,0,235.5804,55.2596
10733,PROD0052,25,2147.5,0,1739.475,408.025
10739,PROD0052,18,1431.72,0,1159.6932,272.0268
10758,PROD0052,60,4579.2,0,3709.152,870.048
10769,PROD0052,15,1284.4125,61.1625,990.8325,293.58
10793,PROD0052,8,675.92,0,547.4952,128.4248
10809,PROD0052,20,1454.8,0,1178.388,276.412
10862,PROD0052,8,683.52,0,628.3724,55.1476
10908,PROD0052,14,1150.569,54.789,966.478,184.091
10925,PROD0052,12,1171.758,152.838,909.0117,262.7463
10927,PROD0052,5,371.65,0,327.7953,43.8547
10961,PROD0052,6,467.271,22.251,392.5076,74.7634
10970,PROD0052,40,3659.04,609.84,2689.3944,969.6456
10997,PROD0052,20,1884.25,376.85,1329.5268,554.7232
11003,PROD0052,10,801,0,706.482,94.518
11033,PROD0053,70,4261.95,387.45,3417.309,844.641
11062,PROD0053,10,738.48,123.08,542.7828,195.6972
11064,PROD0053,25,1683.275,153.025,1349.6805,333.5945
10256,PROD0053,15,907.95,0,751.7826,156.1674
10285,PROD0053,36,2633.472,438.912,1896.0998,737.3722
10306,PROD0053,10,611.1,0,527.9904,83.1096
10312,PROD0053,20,1264.6,0,1092.6144,171.9856
10380,PROD0053,20,1341.12,121.92,1053.3888,287.7312
10388,PROD0053,40,2511.6,0,2079.6048,431.9952
10395,PROD0053,70,5109.72,464.52,3846.2256,1263.4944
10416,PROD0053,10,553.2,0,458.0496,95.1504
10421,PROD0053,15,964.275,125.775,694.278,269.997
10437,PROD0053,15,872.55,0,722.4714,150.0786
10455,PROD0053,50,3115.5,0,2579.634,535.866
10479,PROD0053,28,1833.16,0,1517.8565,315.3035
10502,PROD0053,6,400.98,0,332.0114,68.9686
10504,PROD0053,10,623.2,0,516.0096,107.1904
10520,PROD0053,5,284.5,0,235.566,48.934
10558,PROD0053,18,1013.94,0,821.2914,192.6486
10573,PROD0053,25,1640.25,0,1328.6025,311.6475
10626,PROD0053,12,761.28,0,616.6368,144.6432
10650,PROD0053,25,1635.375,77.875,1261.575,373.8
10675,PROD0053,10,661.8,0,536.058,125.742
10711,PROD0053,120,7548,0,6113.88,1434.12
10712,PROD0053,3,185.535,8.835,148.9353,36.5997
10825,PROD0053,20,1328.8,0,1172.0016,156.7984
10833,PROD0053,9,600.633,54.603,481.5985,119.0345
10867,PROD0053,3,197.97,0,174.6095,23.3605
10933,PROD0053,2,110.38,0,97.3552,13.0248
10962,PROD0053,20,1155.4,0,1019.0628,136.3372
11035,PROD0054,10,373,0,328.986,44.014
11065,PROD0054,20,942.25,188.45,664.8516,277.3984
10288,PROD0054,10,369.82,33.62,290.4768,79.3432
10306,PROD0054,5,189.4,0,163.6416,25.7584
10331,PROD0054,15,569.55,0,492.0912,77.4588
10349,PROD0054,24,820.32,0,708.7565,111.5635
10352,PROD0054,20,871.7,113.7,654.912,216.788
10360,PROD0054,28,1028.44,0,888.5722,139.8678
10362,PROD0054,24,889.68,0,768.6835,120.9965
10367,PROD0054,18,672.66,0,581.1782,91.4818
10375,PROD0054,10,329.5,0,284.688,44.812
10408,PROD0054,6,204.54,0,169.3591,35.1809
10432,PROD0054,40,1364.8,0,1130.0544,234.7456
10442,PROD0054,80,2913.6,0,2412.4608,501.1392
10445,PROD0054,15,529.8,0,445.4543,84.3457
10450,PROD0054,6,253.584,42.264,174.973,78.611
10487,PROD0054,24,1008.3,201.66,667.8979,340.4021
10501,PROD0054,20,755.8,0,687.421,68.379
10524,PROD0054,15,513.45,0,425.1366,88.3134
10534,PROD0054,10,443.4,73.9,299.295,144.105
10542,PROD0054,24,822.024,39.144,634.1328,187.8912
10591,PROD0054,50,1851,0,1499.31,351.69
10600,PROD0054,4,141.44,0,114.5664,26.8736
10650,PROD0054,30,1060.5,0,859.005,201.495
10654,PROD0054,6,212.85,19.35,156.735,56.115
10678,PROD0054,30,1074.3,0,870.183,204.117
10693,PROD0054,60,2555.76,333.36,1800.144,755.616
10717,PROD0054,15,523.65,0,424.1565,99.4935
10719,PROD0054,40,1712.5,342.5,1109.7,602.8
10781,PROD0054,3,136.188,22.698,91.9269,44.2611
10792,PROD0054,3,113.7,0,92.097,21.603
10794,PROD0054,6,239.4,39.9,161.595,77.805
10800,PROD0054,7,249.095,22.645,183.4245,65.6705
10859,PROD0054,35,1568.875,313.775,1106.9982,461.8768
10882,PROD0054,32,1303.456,170.016,999.6941,303.7619
10915,PROD0054,10,370.8,0,327.0456,43.7544
11028,PROD0055,35,1286.95,0,1135.0899,151.8601
11056,PROD0055,35,1367.45,0,1206.0909,161.3591
11064,PROD0055,4,174.944,15.904,140.2733,34.6707
11077,PROD0055,5,210.55,0,193.3484,17.2016
10254,PROD0055,21,984.354,128.394,708.7349,275.6191
10280,PROD0055,20,849.4,0,733.8816,115.5184
10342,PROD0055,40,1800.96,300.16,1296.6912,504.2688
10356,PROD0055,12,487.8,0,421.4592,66.3408
10389,PROD0055,15,562.35,0,465.6258,96.7242
10398,PROD0055,120,4935.48,448.68,3715.0704,1220.4096
10425,PROD0055,10,450.5,90.1,298.4112,152.0888
10451,PROD0055,120,5283.96,480.36,3977.3808,1306.5792
10461,PROD0055,60,2643,528.6,1750.7232,892.2768
10476,PROD0055,2,79.044,3.764,62.3318,16.7122
10485,PROD0055,30,1161.93,105.63,874.6164,287.3136
10529,PROD0055,14,517.58,0,428.5562,89.0238
10559,PROD0055,18,736.344,35.064,568.0368,168.3072
10564,PROD0055,25,930.5625,44.3125,717.8625,212.7
10606,PROD0055,20,1002.48,167.08,676.674,325.806
10615,PROD0055,5,209.25,0,169.4925,39.7575
10630,PROD0055,12,444.528,21.168,354.6635,89.8645
10668,PROD0055,4,181.28,16.48,133.488,47.792
10707,PROD0055,21,878.01,0,711.1881,166.8219
10725,PROD0055,6,249.6,0,202.176,47.424
10728,PROD0055,12,450.84,0,365.1804,85.6596
10802,PROD0055,60,2872.5,574.5,1861.38,1011.12
10872,PROD0055,10,441.315,21.015,370.7046,70.6104
10902,PROD0055,30,1464.18,190.98,1122.9624,341.2176
10930,PROD0055,25,1192.8,198.8,876.708,316.092
10948,PROD0055,4,154.92,0,136.6394,18.2806
10990,PROD0055,65,2942.9075,383.8575,2257.0821,685.8254
11001,PROD0055,6,217.5,0,191.835,25.665
11002,PROD0055,40,1689.2,0,1581.1526,108.0474
11018,PROD0056,5,180.1,0,158.8482,21.2518
11029,PROD0056,20,763.2,0,673.1424,90.0576
10262,PROD0056,2,69.1,0,59.7024,9.3976
10295,PROD0056,4,139.36,0,120.407,18.953
10301,PROD0056,20,783.4,0,676.8576,106.5424
10329,PROD0056,12,505.638,24.078,416.0678,89.5702
10346,PROD0056,20,810.2,0,700.0128,110.1872
10369,PROD0056,18,886.95,177.39,613.0598,273.8902
10383,PROD0056,20,826.4,0,684.2592,142.1408
10401,PROD0056,70,2804.2,0,2556.2446,247.9554
10426,PROD0056,5,181.45,0,150.2406,31.2094
10430,PROD0056,30,1087.5,0,900.45,187.05
10433,PROD0056,28,1072.68,0,888.179,184.501
10436,PROD0056,40,1661.44,151.04,1250.6112,410.8288
10458,PROD0056,15,604.8,0,500.7744,104.0256
10464,PROD0056,30,1417.32,236.22,977.9508,439.3692
10471,PROD0056,20,796.4,0,659.4192,136.9808
10494,PROD0056,30,1061.1,0,878.5908,182.5092
10497,PROD0056,14,579.46,0,479.7929,99.6671
10514,PROD0056,70,2674.7,0,2214.6516,460.0484
10519,PROD0056,40,1629.2,0,1348.9776,280.2224
10526,PROD0056,30,1438.305,187.605,1035.5796,402.7254
10555,PROD0056,40,1915.2,319.2,1292.76,622.44
10570,PROD0056,60,2530.71,120.51,1952.262,578.448
10596,PROD0056,5,215.46,35.91,145.4355,70.0245
10608,PROD0056,28,1155.28,0,935.7768,219.5032
10616,PROD0056,14,561.54,0,454.8474,106.6926
10618,PROD0056,20,832,0,673.92,158.08
10637,PROD0056,60,2314.62,110.22,1785.564,529.056
10657,PROD0056,45,1809.45,0,1465.6545,343.7955
10664,PROD0056,12,573.528,74.808,403.9632,169.5648
10690,PROD0056,20,1026.25,205.25,665.01,361.24
10712,PROD0056,30,1068.6,0,865.566,203.034
10714,PROD0056,18,775.8,155.16,502.7184,273.0816
10727,PROD0056,10,435.435,20.735,335.907,99.528
10740,PROD0056,14,665.952,110.992,449.5176,216.4344
10748,PROD0056,28,1034.88,0,838.2528,196.6272
10749,PROD0056,15,612.15,0,495.8415,116.3085
10755,PROD0056,30,1558.5,311.7,1110.5796,447.9204
10762,PROD0056,60,2187.6,0,1771.956,415.644
10781,PROD0056,20,977.04,162.84,659.502,317.538
10790,PROD0056,20,838.12,109.32,590.328,247.792
10808,PROD0056,20,894.24,116.64,629.856,264.384
10820,PROD0056,30,1200.6,0,972.486,228.114
10841,PROD0056,30,1245.9,0,1098.8838,147.0162
10855,PROD0056,24,910.8,0,803.3256,107.4744
10884,PROD0056,21,908.019,43.239,762.736,145.283
10896,PROD0056,16,578.72,0,510.431,68.289
10944,PROD0056,18,727.2,0,641.3904,85.8096
10966,PROD0056,12,539.856,70.416,414.0461,125.8099
11039,PROD0057,28,575.68,0,507.7498,67.9302
11055,PROD0057,20,387.4,0,341.6868,45.7132
11079,PROD0057,15,285,0,251.37,33.63
10251,PROD0057,15,332.64,15.84,288.1383,44.5017
10260,PROD0057,50,929,0,802.656,126.344
10282,PROD0057,2,42.04,0,36.3226,5.7174
10326,PROD0057,16,287.04,0,248.0026,39.0374
10355,PROD0057,25,442.5,0,382.32,60.18
10368,PROD0057,25,451.25,0,389.88,61.37
10416,PROD0057,20,374.8,0,310.3344,64.4656
10438,PROD0057,15,365.4,60.9,252.126,113.274
10535,PROD0057,5,112.09,10.19,82.539,29.551
10578,PROD0057,6,117.78,0,100.1533,17.6267
10582,PROD0057,4,70.64,0,57.2184,13.4216
10597,PROD0057,20,363.6,0,294.516,69.084
10707,PROD0057,40,764.4,0,619.164,145.236
10755,PROD0057,14,359.1,71.82,232.6968,126.4032
10823,PROD0057,15,312.3,0,252.963,59.337
10826,PROD0057,15,280.95,0,247.7979,33.1521
10836,PROD0057,24,462.48,0,407.9074,54.5726
10851,PROD0057,10,200.445,9.545,172.3977,28.0473
10916,PROD0057,20,381.6,0,336.5712,45.0288
10931,PROD0057,30,577.5,0,543.7908,33.7092
10983,PROD0057,15,293.4,0,258.7788,34.6212
10314,PROD0058,30,1451.01,131.91,1139.7024,311.3076
10327,PROD0058,30,1582.92,263.82,1139.7024,443.2176
10373,PROD0058,80,5094.72,849.12,3668.1984,1426.5216
10374,PROD0058,15,773.55,0,668.3472,105.2028
10537,PROD0058,20,1043.4,0,845.154,198.246
10594,PROD0058,30,1368.9,0,1108.809,260.091
10636,PROD0058,6,285.78,0,231.4818,54.2982
10661,PROD0058,49,3075.24,512.54,2075.787,999.453
10675,PROD0058,30,1337.7,0,1083.537,254.163
10697,PROD0058,30,1641.75,328.35,1063.854,577.896
10714,PROD0058,12,651.9,130.38,422.4312,229.4688
10839,PROD0058,30,1593.57,144.87,1277.7534,315.8166
10845,PROD0058,60,3315.84,301.44,2658.7008,657.1392
10863,PROD0058,12,617.274,80.514,498.1247,119.1493
10904,PROD0058,15,670.35,0,591.2487,79.1013
10913,PROD0058,15,774.45,0,683.0649,91.3851
10930,PROD0058,30,1722.6,287.1,1266.111,456.489
11011,PROD0058,40,1931.16,91.96,1622.1744,308.9856
11017,PROD0059,110,933.9,0,823.6998,110.2002
11028,PROD0059,24,207.12,0,182.6798,24.4402
11030,PROD0059,100,980,196,691.488,288.512
11032,PROD0059,30,233.4,0,205.8588,27.5412
11036,PROD0059,30,247.8,0,218.5596,29.2404
10255,PROD0059,30,234.9,0,198.2353,36.6647
10267,PROD0059,70,697.13,90.93,523.7568,173.3732
10275,PROD0059,6,56.196,2.676,46.2413,9.9547
10278,PROD0059,15,128.55,0,115.2167,13.3333
10298,PROD0059,30,343.125,68.625,237.168,105.957
10304,PROD0059,10,79.1,0,68.3424,10.7576
10324,PROD0059,40,382.26,49.86,287.1936,95.0664
10328,PROD0059,9,75.51,0,65.2406,10.2694
10341,PROD0059,9,85.5945,11.1645,64.3075,21.287
10387,PROD0059,12,106.44,0,88.1323,18.3077
10410,PROD0059,16,149.12,0,123.4714,25.6486
10411,PROD0059,9,98.928,16.488,68.2603,30.6677
10423,PROD0059,20,178.4,0,147.7152,30.6848
10430,PROD0059,70,719.04,119.84,496.1376,222.9024
10457,PROD0059,36,282.6,0,248.1619,34.4381
10479,PROD0059,60,493.2,0,408.3696,84.8304
10480,PROD0059,12,97.68,0,80.879,16.801
10488,PROD0059,30,264,0,218.592,45.408
10490,PROD0059,60,518.4,0,433.4823,84.9177
10517,PROD0059,4,33.2,0,27.4896,5.7104
10531,PROD0059,2,15.8,0,12.798,3.002
10535,PROD0059,15,126.39,11.49,93.069,33.321
10567,PROD0059,40,386.88,64.48,261.8772,125.0028
10575,PROD0059,12,112.08,0,90.7848,21.2952
10601,PROD0059,35,303.1,0,245.511,57.589
10605,PROD0059,20,166.95,7.95,128.79,38.16
10617,PROD0059,30,301.875,39.375,212.625,89.25
10665,PROD0059,1,8.03,0,6.5043,1.5257
10679,PROD0059,12,102.12,0,82.7172,19.4028
10694,PROD0059,25,202.5,0,164.025,38.475
10701,PROD0059,42,420.693,54.873,296.3142,124.3788
10703,PROD0059,35,310.8,0,251.748,59.052
10706,PROD0059,8,68.24,0,55.2744,12.9656
10727,PROD0059,10,86.625,4.125,66.825,19.8
10745,PROD0059,45,391.05,0,316.7505,74.2995
10749,PROD0059,6,52.8,0,42.768,10.032
10750,PROD0059,25,260.1875,33.9375,183.2625,76.925
10757,PROD0059,7,54.74,0,44.3394,10.4006
10772,PROD0059,25,208.5,0,168.885,39.615
10799,PROD0059,25,227.25,0,184.0725,43.1775
10803,PROD0059,15,130.095,6.195,100.359,29.736
10823,PROD0059,40,392.04,35.64,314.3448,77.6952
10835,PROD0059,15,120.6,0,114.6714,5.9286
10841,PROD0059,50,431.5,0,380.583,50.917
10851,PROD0059,42,390.285,18.585,327.8394,62.4456
10892,PROD0059,40,350.28,16.68,294.2352,56.0448
10947,PROD0059,4,33.12,0,29.2118,3.9082
10994,PROD0059,18,155.169,7.389,130.342,24.827
11005,PROD0059,10,88.5,0,78.057,10.443
11056,PROD0060,50,269,0,247.4736,21.5264
11058,PROD0060,21,115.08,0,101.5006,13.5794
11059,PROD0060,35,181.65,0,160.2153,21.4347
11060,PROD0060,4,19.84,0,17.4989,2.3411
11061,PROD0060,15,79.05,0,69.7221,9.3279
11077,PROD0060,8,45.1984,2.5584,37.6085,7.5899
10252,PROD0060,40,182,0,150.696,31.304
10283,PROD0060,35,181.3,0,156.6432,24.6568
10284,PROD0060,20,118.25,23.65,81.7344,36.5156
10294,PROD0060,21,95.76,0,87.5671,8.1929
10357,PROD0060,8,46.656,7.776,35.3201,11.336
10359,PROD0060,80,458.64,21.84,377.3952,81.2448
10361,PROD0060,55,282.535,25.685,221.9184,60.6166
10372,PROD0060,70,463.75,92.75,320.544,143.206
10380,PROD0060,6,31.68,2.88,24.8832,6.7968
10384,PROD0060,15,79.8,0,66.0744,13.7256
10385,PROD0060,20,119.76,19.96,82.6344,37.1256
10419,PROD0060,60,289.17,13.77,228.0312,61.1388
10464,PROD0060,20,103.6,0,85.7808,17.8192
10481,PROD0060,40,204.8,0,169.5744,35.2256
10512,PROD0060,12,72.45,9.45,52.164,20.286
10515,PROD0060,84,516.81,67.41,372.1032,144.7068
10519,PROD0060,10,53.655,2.555,42.3108,11.3442
10536,PROD0060,35,213.0625,42.6125,138.0645,74.998
10583,PROD0060,24,141.312,18.432,99.5328,41.7792
10605,PROD0060,70,399.84,19.04,308.448,91.392
10611,PROD0060,15,79.2,0,64.152,15.048
10612,PROD0060,40,182.8,0,148.068,34.732
10625,PROD0060,10,48.7,0,39.447,9.253
10626,PROD0060,20,99,0,80.19,18.81
10653,PROD0060,20,108.9,9.9,80.19,28.71
10657,PROD0060,30,144.6,0,117.126,27.474
10658,PROD0060,55,265.65,12.65,204.93,60.72
10684,PROD0060,30,164.7,0,133.407,31.293
10709,PROD0060,10,49.1,0,39.771,9.329
10728,PROD0060,15,79.95,0,64.7595,15.1905
10742,PROD0060,50,267.5,0,216.675,50.825
10768,PROD0060,15,68.85,0,55.7685,13.0815
10829,PROD0060,21,112.98,0,99.6484,13.3316
10830,PROD0060,30,159.3,0,140.5026,18.7974
10836,PROD0060,60,279.6,0,246.6072,32.9928
10847,PROD0060,45,279.18,46.53,205.1973,73.9827
10895,PROD0060,100,502,0,442.764,59.236
10917,PROD0060,10,46.9,0,41.3658,5.5342
10918,PROD0060,25,156.5625,31.3125,110.4705,46.092
10938,PROD0060,49,322.175,64.435,227.3267,94.8483
10954,PROD0060,24,151.248,19.728,116.0006,35.2474
10963,PROD0060,2,10.994,1.434,8.4319,2.5621
10995,PROD0060,4,20.84,0,18.3809,2.4591
11009,PROD0060,9,46.8,0,41.2776,5.5224
11012,PROD0060,36,172.746,8.226,145.1066,27.6394
11034,PROD0061,6,145.56,0,128.3839,17.1761
11042,PROD0061,4,114.16,0,100.6891,13.4709
11052,PROD0061,10,335.04,55.84,251.5801,83.4599
11058,PROD0061,4,107.88,0,95.1502,12.7298
10418,PROD0061,16,388.8,0,321.9264,66.8736
10440,PROD0061,90,2685.825,350.325,1933.794,752.031
10455,PROD0061,25,668.75,0,553.725,115.025
10504,PROD0061,25,650.5,0,538.614,111.886
10513,PROD0061,15,460.26,76.71,317.5794,142.6806
10530,PROD0061,20,554.2,0,448.902,105.298
10550,PROD0061,10,282.15,25.65,207.765,74.385
10595,PROD0061,120,3897,779.4,2525.256,1371.744
10642,PROD0061,20,643.92,107.32,434.646,209.274
10716,PROD0061,10,255.7,0,229.533,26.167
10724,PROD0061,5,134.1,0,108.621,25.479
10735,PROD0061,20,570.46,51.86,420.066,150.394
10769,PROD0061,20,542.2,0,439.182,103.018
10814,PROD0061,30,936.675,122.175,659.745,276.93
10880,PROD0061,30,973.08,162.18,715.2138,257.8662
10906,PROD0061,15,363.3,0,320.4306,42.8694
10910,PROD0061,5,139.15,0,126.2627,12.8873
10933,PROD0061,30,764.7,0,674.4654,90.2346
10990,PROD0061,66,2132.031,278.091,1635.1751,496.8559
10998,PROD0061,7,203.77,0,179.7251,24.0449
11027,PROD0062,21,754.95,150.99,589.623,165.327
11044,PROD0062,12,316.8,0,279.4176,37.3824
11083,PROD0062,5,124.8,4.8,105.84,18.96
10260,PROD0062,15,540.375,108.075,373.5072,166.8678
10277,PROD0062,12,360.96,0,311.8694,49.0906
10286,PROD0062,40,1211.2,0,1046.4768,164.7232
10298,PROD0062,15,420,0,362.88,57.12
10307,PROD0062,10,272.7,0,235.6128,37.0872
10310,PROD0062,5,160.95,0,139.0608,21.8892
10314,PROD0062,25,864.325,78.575,678.888,185.437
10316,PROD0062,70,2053.1,0,1773.8784,279.2216
10339,PROD0062,28,857.08,0,740.5171,116.5629
10389,PROD0062,20,633.6,0,524.6208,108.9792
10394,PROD0062,10,266.7,0,220.8276,45.8724
10408,PROD0062,35,1088.85,0,901.5678,187.2822
10413,PROD0062,40,1214.8,0,1005.8544,208.9456
10449,PROD0062,35,1044.4,0,892.9365,151.4635
10505,PROD0062,3,94.08,0,77.8982,16.1818
10546,PROD0062,40,1180.4,0,956.124,224.276
10554,PROD0062,20,562.8,26.8,434.16,128.64
10560,PROD0062,15,585,117,379.08,205.92
10562,PROD0062,10,320.32,29.12,235.872,84.448
10574,PROD0062,10,300.3,0,243.243,57.057
10599,PROD0062,10,305.1,0,247.131,57.969
10606,PROD0062,10,351.72,58.62,238.0051,113.7149
10627,PROD0062,15,460.8,0,373.248,87.552
10633,PROD0062,80,2668,348,1879.2,788.8
10671,PROD0062,10,273.5,0,221.535,51.965
10691,PROD0062,48,1326.24,0,1074.2544,251.9856
10718,PROD0062,20,603.2,0,488.592,114.608
10746,PROD0062,9,256.32,0,207.6192,48.7008
10757,PROD0062,30,838.8,0,679.428,159.372
10769,PROD0062,15,462.45,0,374.5845,87.8655
10779,PROD0062,20,604.6,0,502.3099,102.2901
10798,PROD0062,2,56.52,0,45.7812,10.7388
10802,PROD0062,5,175.3125,35.0625,114.0794,61.2331
10816,PROD0062,20,622.44,29.64,480.168,142.272
10817,PROD0062,25,777.6875,101.4375,547.7625,229.925
10822,PROD0062,3,88.29,0,76.7838,11.5062
10852,PROD0062,50,1572,0,1386.504,185.496
10861,PROD0062,3,88.05,0,77.6601,10.3899
10872,PROD0062,20,649.53,30.93,545.6052,103.9248
10902,PROD0062,6,193.2,25.2,148.176,45.024
10904,PROD0062,35,934.5,0,824.229,110.271
10932,PROD0062,14,416.416,37.856,337.4879,78.9281
10941,PROD0062,30,1023,204.6,721.8288,301.1712
10949,PROD0062,60,1655.4,0,1460.0628,195.3372
10966,PROD0062,12,395.232,51.552,303.1258,92.1062
10988,PROD0062,40,1307.68,118.88,1048.5216,259.1584
11029,PROD0063,12,217.68,0,191.9938,25.6862
11041,PROD0063,30,610.5,0,538.461,72.039
10278,PROD0063,8,168.16,0,145.2902,22.8698
10293,PROD0063,5,105.3,0,90.9792,14.3208
10324,PROD0063,80,1894.28,247.08,1423.1808,471.0992
10379,PROD0063,16,358.16,32.56,281.3184,76.8416
10402,PROD0063,65,1231.1,0,1019.3508,211.7492
10429,PROD0063,35,951.5625,190.3125,630.315,321.2475
10575,PROD0063,6,118.26,0,95.7906,22.4694
10596,PROD0063,24,543.168,90.528,400.7124,142.4556
10692,PROD0063,20,385,0,322.9932,62.0068
10747,PROD0063,9,184.5,0,149.445,35.055
10789,PROD0063,30,572.1,0,463.401,108.699
10921,PROD0063,40,854.4,0,753.5808,100.8192
10974,PROD0063,10,207.4,0,182.9268,24.4732
10977,PROD0063,20,433.6,0,382.4352,51.1648
10979,PROD0063,35,697.2,0,614.9304,82.2696
11031,PROD0064,20,648,0,628.2958,19.7042
11053,PROD0064,25,1084.2,180.7,796.887,287.313
11072,PROD0064,130,4230.2,0,3731.0364,499.1636
11077,PROD0064,15,526.6905,15.3405,451.0107,75.6798
10289,PROD0064,9,320.4,0,276.8256,43.5744
10343,PROD0064,50,1697.5,0,1466.64,230.86
10368,PROD0064,35,1245.09,113.19,977.9616,267.1284
10370,PROD0064,30,1020.6,0,881.7984,138.8016
10426,PROD0064,7,233.24,0,193.1227,40.1173
10436,PROD0064,30,1199.22,109.02,902.6856,296.5344
10439,PROD0064,6,210.12,0,173.9794,36.1406
10451,PROD0064,35,1383.69,125.79,1041.5412,342.1488
10470,PROD0064,8,291.12,0,241.0474,50.0726
10479,PROD0064,30,1044.9,0,865.1772,179.7228
10557,PROD0064,30,1084.5,0,878.445,206.055
10565,PROD0064,18,697.752,63.432,513.7992,183.9528
10574,PROD0064,6,212.88,0,172.4328,40.4472
10629,PROD0064,9,274.05,0,221.9805,52.0695
10668,PROD0064,15,596.805,54.255,461.1145,135.6905
10681,PROD0064,28,899.36,0,728.4816,170.8784
10757,PROD0064,24,848.4,0,732.5683,115.8317
10796,PROD0064,35,1524.18,254.03,1028.8215,495.3585
10832,PROD0064,3,99.18,0,87.4768,11.7032
10836,PROD0064,30,948.9,0,836.9298,111.9702
10845,PROD0064,48,1654.08,0,1458.8986,195.1814
10859,PROD0064,30,1312.5,262.5,926.1,386.4
10872,PROD0064,15,512.9775,24.4275,430.9011,82.0764
10876,PROD0064,20,717.2,0,639.623,77.577
10957,PROD0064,8,279.12,0,246.1838,32.9362
10968,PROD0064,4,121.36,0,107.0395,14.3205
11024,PROD0065,21,196.98,0,173.7364,23.2436
10250,PROD0065,15,163.3575,21.3075,117.6174,45.7401
10251,PROD0065,20,185.2,0,156.4436,28.7564
10303,PROD0065,30,355.74,32.34,279.4176,76.3224
10328,PROD0065,40,414.4,0,358.0416,56.3584
10351,PROD0065,10,105.84,5.04,87.0912,18.7488
10366,PROD0065,5,45.6,0,39.3984,6.2016
10367,PROD0065,15,141.15,0,121.9536,19.1964
10379,PROD0065,20,220,20,172.8,47.2
10401,PROD0065,20,181.2,0,150.0336,31.1664
10447,PROD0065,35,366.8,0,303.7104,63.0896
10451,PROD0065,28,328.328,29.848,247.1414,81.1866
10493,PROD0065,15,156.585,14.235,117.8658,38.7192
10503,PROD0065,20,197.4,0,181.1092,16.2908
10514,PROD0065,39,429,0,361.3885,67.6115
10541,PROD0065,36,366.3,33.3,269.73,96.57
10580,PROD0065,30,292.32,13.92,241.3001,51.0199
10597,PROD0065,12,136.512,22.752,102.2684,34.2436
10638,PROD0065,21,212.94,0,172.4814,40.4586
10664,PROD0065,15,171.6375,22.3875,120.8925,50.745
10666,PROD0065,10,110.4,0,89.424,20.976
10671,PROD0065,12,121.92,0,98.7552,23.1648
10698,PROD0065,65,687.96,32.76,530.712,157.248
10730,PROD0065,10,95.13,4.53,73.386,21.744
10736,PROD0065,40,374,0,302.94,71.06
10765,PROD0065,80,842.16,76.56,620.136,222.024
10806,PROD0065,2,18.94,0,15.3414,3.5986
10855,PROD0065,15,164.22,21.42,125.9496,38.2704
10872,PROD0065,21,229.761,10.941,192.9992,36.7618
10879,PROD0065,10,109,0,96.138,12.862
10884,PROD0065,12,115.038,5.478,96.6319,18.4061
10903,PROD0065,21,223.02,0,196.7036,26.3164
11077,PROD0066,8,162.8,0,143.5896,19.2104
10300,PROD0066,30,596.7,0,515.7551,80.9449
10442,PROD0066,60,1168.8,0,967.7664,201.0336
10475,PROD0066,60,1189.56,155.16,924.3776,265.1824
10493,PROD0066,10,219.23,19.93,165.0204,54.2096
10532,PROD0066,24,449.28,0,363.9168,85.3632
10682,PROD0066,4,74.16,0,60.0696,14.0904
10774,PROD0066,50,923,0,747.63,175.37
11054,PROD0067,20,1090.6,0,961.9092,128.6908
10284,PROD0067,5,400.4375,80.0875,276.7824,123.6551
10502,PROD0067,30,1899.6,0,1572.8688,326.7312
10544,PROD0067,7,453.6,0,367.416,86.184
10670,PROD0067,25,1468.25,0,1189.2825,278.9675
10775,PROD0067,3,171.03,0,138.5343,32.4957
10864,PROD0067,15,972.15,0,857.4363,114.7137
10911,PROD0067,15,935.85,0,845.6499,90.2001
10923,PROD0067,24,1842.336,307.056,1354.117,488.219
10939,PROD0067,40,2723.66,355.26,2088.9288,634.7312
11048,PROD0068,42,483.84,0,426.7469,57.0931
11064,PROD0068,55,627.55,0,553.4991,74.0509
10288,PROD0068,3,38.808,3.528,30.4819,8.3261
10300,PROD0068,20,225.4,0,194.7456,30.6544
10303,PROD0068,15,210.705,19.155,165.4992,45.2058
10307,PROD0068,3,38.46,0,33.2294,5.2306
10328,PROD0068,10,121.3,0,104.8032,16.4968
10334,PROD0068,10,127.4,0,116.7875,10.6125
10343,PROD0068,4,48.51,2.31,39.9168,8.5932
10385,PROD0068,8,131.04,21.84,90.4176,40.6224
10399,PROD0068,60,794.4,0,693.5116,100.8884
10417,PROD0068,36,565.2,113.04,374.3885,190.8115
10424,PROD0068,30,450.72,75.12,324.651,126.069
10460,PROD0068,21,310.5375,62.1075,205.7,104.8375
10490,PROD0068,30,398.7,0,341.6847,57.0153
10521,PROD0068,6,76.68,0,63.491,13.189
10529,PROD0068,20,274.6,0,227.3688,47.2312
10540,PROD0068,35,456.4,0,369.684,86.716
10618,PROD0068,15,184.95,0,149.8095,35.1405
10622,PROD0068,18,279.288,46.548,208.8587,70.4293
10662,PROD0068,10,129.1,0,104.571,24.529
10700,PROD0068,40,649.44,108.24,438.372,211.068
10722,PROD0068,45,527.85,0,432.4704,95.3796
10756,PROD0068,6,83.52,13.92,56.376,27.144
10766,PROD0068,40,464.4,0,376.164,88.236
10789,PROD0068,18,224.82,0,182.1042,42.7158
10792,PROD0068,15,189.9,0,153.819,36.081
10830,PROD0068,24,316.08,0,298.963,17.117
10842,PROD0068,20,265.4,0,234.0828,31.3172
10869,PROD0068,20,273.6,0,241.3152,32.2848
10888,PROD0068,18,208.08,0,183.5266,24.5534
10903,PROD0068,20,255.4,0,225.2628,30.1372
10941,PROD0068,80,1282,256.4,1004.4745,277.5255
11013,PROD0068,2,25.02,0,22.0676,2.9524
11022,PROD0069,30,62.1,0,54.7722,7.3278
11033,PROD0069,36,85.14,7.74,72.0025,13.1375
10296,PROD0069,15,28.35,0,24.4944,3.8556
10308,PROD0069,1,2.12,0,1.8317,0.2883
10311,PROD0069,7,13.86,0,11.975,1.885
10350,PROD0069,18,36.234,3.294,28.4602,7.7738
10356,PROD0069,20,41,0,35.424,5.576
10364,PROD0069,30,61.5,0,53.136,8.364
10392,PROD0069,50,104.5,0,86.526,17.974
10395,PROD0069,8,14.96,0,12.3869,2.5731
10407,PROD0069,15,31.65,0,26.2062,5.4438
10419,PROD0069,20,39.27,1.87,32.6502,6.6198
10493,PROD0069,10,20.57,1.87,15.4836,5.0864
10529,PROD0069,10,20.6,0,17.0568,3.5432
10552,PROD0069,18,34.56,0,27.9936,6.5664
10583,PROD0069,10,22.195,2.895,15.633,6.562
10593,PROD0069,20,47.04,7.84,31.752,15.288
10595,PROD0069,65,146.25,29.25,94.77,51.48
10640,PROD0069,20,46,9.2,29.808,16.192
10667,PROD0069,45,116.64,19.44,78.732,37.908
10693,PROD0069,30,74.865,9.765,52.731,22.134
10717,PROD0069,25,50.1375,2.3875,38.6775,11.46
10746,PROD0069,40,82.8,0,67.068,15.732
10747,PROD0069,30,63.9,0,51.759,12.141
10752,PROD0069,3,6.57,0,5.3217,1.2483
10755,PROD0069,25,62.1875,12.4375,40.2975,21.89
10756,PROD0069,20,51.6,8.6,34.83,16.77
10796,PROD0069,24,60.768,10.128,41.0184,19.7496
10894,PROD0069,50,113.4,5.4,95.256,18.144
10962,PROD0069,9,17.46,0,15.421,2.039
10964,PROD0069,10,20.4,0,17.9928,2.4072
11017,PROD0070,30,952.8,0,848.3997,104.4003
11037,PROD0070,4,116,0,102.312,13.688
11057,PROD0070,3,86.1,0,75.9402,10.1598
11062,PROD0070,12,398.592,66.432,292.9651,105.6269
10260,PROD0070,21,770.9625,154.1925,532.8893,238.0732
10265,PROD0070,20,556.2,0,486.5012,69.6988
10299,PROD0070,20,581.6,0,502.5024,79.0976
10308,PROD0070,5,147.75,0,127.656,20.094
10315,PROD0070,30,873.9,0,755.0496,118.8504
10380,PROD0070,30,814.5,0,674.406,140.094
10389,PROD0070,30,838.8,0,694.5264,144.2736
10420,PROD0070,8,276.056,25.096,207.7949,68.2611
10453,PROD0070,25,836.825,76.075,629.901,206.924
10476,PROD0070,12,313.68,0,259.727,53.953
10485,PROD0070,60,1768.8,160.8,1331.424,437.376
10506,PROD0070,14,473.55,43.05,356.454,117.096
10517,PROD0070,6,186.54,0,154.4551,32.0849
10538,PROD0070,7,212.52,0,172.1412,40.3788
10616,PROD0070,15,416.43,19.83,321.246,95.184
10621,PROD0070,20,546.8,0,442.908,103.892
10640,PROD0070,15,516,103.2,334.368,181.632
10659,PROD0070,40,1098.72,52.32,847.584,251.136
10694,PROD0070,50,1350.5,0,1093.905,256.595
10697,PROD0070,30,1040.625,208.125,674.325,366.3
10698,PROD0070,8,250.908,11.948,193.5576,57.3504
10707,PROD0070,28,953.764,124.404,671.7816,281.9824
10758,PROD0070,40,1230,0,996.3,233.7
10780,PROD0070,35,1005.9,0,814.779,191.121
10810,PROD0070,5,132.45,0,107.2845,25.1655
10822,PROD0070,6,180.78,0,146.4318,34.3482
10824,PROD0070,9,278.91,0,263.4889,15.4211
10842,PROD0070,12,321.84,0,283.8629,37.9771
10846,PROD0070,30,922.5,0,842.1118,80.3882
10850,PROD0070,30,927.705,121.005,711.5094,216.1956
10858,PROD0070,4,122.24,0,107.8157,14.4243
10880,PROD0070,50,1750.2,291.7,1286.397,463.803
10885,PROD0070,30,883.2,0,778.9824,104.2176
10900,PROD0070,3,115.35,23.07,81.391,33.959
10991,PROD0070,20,716.16,119.36,526.3776,189.7824
11024,PROD0071,50,1430,0,1261.26,168.74
11031,PROD0071,16,460.32,0,406.0022,54.3178
11038,PROD0071,30,961.8,0,848.3076,113.4924
10274,PROD0071,20,623.4,0,538.6176,84.7824
10304,PROD0071,2,59.52,0,51.4253,8.0947
10309,PROD0071,3,89.28,0,77.1379,12.1421
10320,PROD0071,30,942.6,0,814.4064,128.1936
10333,PROD0071,40,1364.44,124.04,1071.7056,292.7344
10364,PROD0071,5,148.65,0,128.4336,20.2164
10373,PROD0071,50,1907.4,317.9,1373.328,534.072
10378,PROD0071,6,169.14,0,148.1577,20.9823
10387,PROD0071,15,434.85,0,360.0558,74.7942
10396,PROD0071,60,1780.2,0,1474.0056,306.1944
10399,PROD0071,30,829.8,0,687.0744,142.7256
10401,PROD0071,60,1823.4,0,1509.7752,313.6248
10407,PROD0071,15,484.95,0,401.5386,83.4114
10447,PROD0071,2,57.08,0,47.2622,9.8178
10455,PROD0071,30,835.5,0,691.794,143.706
10458,PROD0071,50,1502,0,1243.656,258.344
10473,PROD0071,12,391.44,0,324.1123,67.3277
10541,PROD0071,9,274.329,24.939,202.0059,72.3231
10598,PROD0071,9,255.96,0,207.3276,48.6324
10605,PROD0071,15,508.5675,24.2175,392.3235,116.244
10616,PROD0071,15,477.0675,22.7175,368.0235,109.044
10621,PROD0071,15,487.05,0,394.5105,92.5395
10626,PROD0071,20,663.2,0,537.192,126.008
10646,PROD0071,30,1125,225,729,396
10667,PROD0071,14,522.648,87.108,352.7874,169.8606
10672,PROD0071,12,389.64,0,315.6084,74.0316
10700,PROD0071,60,2067.84,344.64,1395.792,672.048
10701,PROD0071,20,739.68,96.48,520.992,218.688
10715,PROD0071,30,953.7,0,772.497,181.203
10720,PROD0071,8,238.24,0,192.9744,45.2656
10768,PROD0071,12,381.12,0,308.7072,72.4128
10771,PROD0071,16,486.88,0,394.3728,92.5072
10847,PROD0071,55,1937.1,322.85,1518.7212,418.3788
10901,PROD0071,30,920.1,0,811.5282,108.5718
10914,PROD0071,25,750.75,0,662.1615,88.5885
10938,PROD0071,35,1411.8125,282.3625,996.1749,415.6376
11008,PROD0071,21,617.4,0,544.5468,72.8532
11011,PROD0071,20,634.4,0,559.5408,74.8592
11012,PROD0071,60,1915.2,91.2,1715.513,199.687
11021,PROD0072,35,441.35,0,389.2707,52.0793
10248,PROD0072,5,63.55,0,52.6194,10.9306
10268,PROD0072,4,50.56,0,43.6838,6.8762
10269,PROD0072,20,255.57,12.17,210.2976,45.2724
10272,PROD0072,24,282.24,0,263.4258,18.8142
10274,PROD0072,7,83.93,0,72.5155,11.4145
10283,PROD0072,3,34.98,0,30.2227,4.7573
10297,PROD0072,20,239,0,206.496,32.504
10325,PROD0072,40,438.4,0,378.7776,59.6224
10330,PROD0072,25,311.65,40.65,246.6153,65.0347
10337,PROD0072,25,300.75,0,259.848,40.902
10372,PROD0072,42,564.375,112.875,390.096,174.279
10390,PROD0072,24,288.816,26.256,217.3997,71.4163
10396,PROD0072,21,230.16,0,190.5725,39.5875
10435,PROD0072,10,126,0,104.328,21.672
10459,PROD0072,40,512.4,0,424.2672,88.1328
10497,PROD0072,25,278,0,230.184,47.816
10528,PROD0072,9,95.94,0,79.4383,16.5017
10533,PROD0072,24,264.72,0,214.4232,50.2968
10537,PROD0072,21,233.52,0,189.1512,44.3688
10538,PROD0072,1,11.58,0,9.3798,2.2002
10556,PROD0072,24,281.28,0,227.8368,53.4432
10575,PROD0072,30,335.1,0,271.431,63.669
10607,PROD0072,12,150.6,0,121.986,28.614
10638,PROD0072,60,646.2,0,523.422,122.778
10649,PROD0072,15,182.85,0,148.1085,34.7415
10742,PROD0072,35,393.75,0,344.6742,49.0758
10745,PROD0072,7,85.12,0,68.9472,16.1728
10784,PROD0072,30,387.435,50.535,272.889,114.546
10798,PROD0072,10,118,0,95.58,22.42
10812,PROD0072,40,551.32,50.12,405.972,145.348
10839,PROD0072,15,203.94,18.54,163.5605,40.3795
10926,PROD0072,10,121,0,106.722,14.278
10932,PROD0072,16,182.88,0,161.3002,21.5798
10941,PROD0072,50,626.5,0,552.573,73.927
10958,PROD0072,5,58.25,0,51.3765,6.8735
10987,PROD0072,20,249.4,0,219.9708,29.4292
10992,PROD0072,2,25.6,0,22.5792,3.0208
11077,PROD0073,5,6.1105,0.0605,5.838,0.2725
10278,PROD0073,25,26.75,0,23.112,3.638
10420,PROD0073,20,23.76,2.16,17.8848,5.8752
10488,PROD0073,20,29.04,4.84,20.0376,9.0024
10533,PROD0073,24,25.704,1.224,19.8288,5.8752
10537,PROD0073,9,9.36,0,7.5816,1.7784
10558,PROD0073,3,2.97,0,2.4057,0.5643
10600,PROD0073,30,35.1,0,28.431,6.669
10627,PROD0073,35,47.495,6.195,33.9156,13.5794
10670,PROD0073,50,56.5,0,45.765,10.735
10693,PROD0073,15,20.355,2.655,14.337,6.018
10703,PROD0073,35,38.15,0,30.9015,7.2485
10751,PROD0073,15,15.6,0,12.636,2.964
10881,PROD0073,10,11.9,0,10.4958,1.4042
10254,PROD0074,21,617.4,0,511.2072,106.1928
10263,PROD0074,36,1254.15,250.83,866.8685,387.2815
10370,PROD0074,20,750.72,97.92,564.0192,186.7008
10381,PROD0074,14,428.26,0,354.5993,73.6607
10382,PROD0074,50,1360.5,0,1126.494,234.006
10418,PROD0074,15,463.65,0,383.9022,79.7478
10439,PROD0074,30,985.5,0,815.994,169.506
10486,PROD0074,16,439.84,0,364.1875,75.6525
10753,PROD0074,5,163.8,0,132.678,31.122
10781,PROD0074,35,1043.7,0,845.397,198.303
10806,PROD0074,15,540.5625,108.1125,350.2845,190.278
10846,PROD0074,20,621.8,0,548.4276,73.3724
10998,PROD0074,20,633.2,0,558.4824,74.7176
11077,PROD0075,14,114.66,0,101.1301,13.5299
11081,PROD0075,150,1163.25,105.75,943.7781,219.4719
10280,PROD0075,30,216.3,0,186.8832,29.4168
10293,PROD0075,6,45.6,0,39.3984,6.2016
10294,PROD0075,6,49.32,0,42.6125,6.7075
10312,PROD0075,10,76.3,0,65.9232,10.3768
10326,PROD0075,50,406,0,350.784,55.216
10347,PROD0075,6,53.475,6.975,40.176,13.299
10363,PROD0075,12,96.72,0,83.5661,13.1539
10436,PROD0075,24,189.552,17.232,142.681,46.871
10460,PROD0075,4,39.6,7.92,26.231,13.369
10474,PROD0075,10,76.3,0,63.1764,13.1236
10490,PROD0075,36,270,0,223.56,46.44
10510,PROD0075,36,312.444,28.404,235.1851,77.2589
10514,PROD0075,50,368.5,0,305.118,63.382
10552,PROD0075,30,214.8,0,173.988,40.812
10557,PROD0075,20,157.6,0,127.656,29.944
10572,PROD0075,15,137.28,12.48,101.088,36.192
10577,PROD0075,20,167.2,0,135.432,31.768
10579,PROD0075,21,165.27,0,133.8687,31.4013
10581,PROD0075,50,467.4,77.9,315.495,151.905
10596,PROD0075,30,268.92,44.82,181.521,87.399
10613,PROD0075,40,340.8,0,276.048,64.752
10631,PROD0075,8,61.864,5.624,45.5544,16.3096
10634,PROD0075,2,15.08,0,12.2148,2.8652
10670,PROD0075,25,184.5,0,149.445,35.055
10682,PROD0075,30,247.5,0,200.475,47.025
10722,PROD0075,42,309.12,0,250.3872,58.7328
10736,PROD0075,20,151,0,122.31,28.69
10761,PROD0075,18,136.98,0,110.9538,26.0262
10773,PROD0075,7,61.824,10.304,41.7312,20.0928
10785,PROD0075,10,80.4,0,65.124,15.276
10786,PROD0075,42,352.8,58.8,238.14,114.66
10788,PROD0075,40,351.54,16.74,271.188,80.352
10819,PROD0075,20,145.6,0,117.936,27.664
10894,PROD0075,120,1064.7,50.7,894.348,170.352
10907,PROD0075,14,107.52,0,94.8326,12.6874
10924,PROD0075,6,44.64,0,39.3725,5.2675
10929,PROD0075,49,373.87,0,329.7533,44.1167
10932,PROD0075,20,172.04,15.64,137.9448,34.0952
10951,PROD0075,50,379.575,18.075,318.843,60.732
10955,PROD0075,12,113.184,18.864,83.1902,29.9938
10959,PROD0075,20,166.52,21.72,127.7136,38.8064
10973,PROD0075,10,82.1,0,79.6895,2.4105
10975,PROD0075,10,83.8,0,73.9116,9.8884
10980,PROD0075,40,384.48,64.08,282.5928,101.8872
10998,PROD0075,30,230.7,0,203.4774,27.2226
11050,PROD0076,50,21109.55,1919.05,16926.021,4183.529
11075,PROD0076,2,871.815,113.715,668.6442,203.1708
10267,PROD0076,15,6356.7975,829.1475,4775.8896,1580.9079
10273,PROD0076,33,14281.344,680.064,11751.5059,2529.8381
10318,PROD0076,6,2214.96,0,1913.7254,301.2346
10319,PROD0076,30,12119.1,0,10470.9024,1648.1976
10343,PROD0076,15,5862.3,0,5065.0272,797.2728
10363,PROD0076,12,5190.36,0,4735.0377,455.3223
10399,PROD0076,35,13366.85,0,11067.7518,2299.0982
10413,PROD0076,14,5809.44,0,4810.2163,999.2237
10425,PROD0076,20,9035.75,1807.15,5985.2808,3050.4692
10434,PROD0076,18,8931.843,1165.023,6430.927,2500.9161
10475,PROD0076,42,20042.0851,2614.1851,14430.3012,5611.7839
10530,PROD0076,50,19557.5,0,15841.575,3715.925
10566,PROD0076,10,3986.3,0,3228.903,757.397
10569,PROD0076,30,11229.9,0,9096.219,2133.681
10575,PROD0076,10,4060.8,0,3533.3719,527.4281
10582,PROD0076,14,5523.28,0,4473.8568,1049.4232
10593,PROD0076,4,2010.96,335.16,1482.5368,528.4232
10604,PROD0076,10,4068.24,369.84,2995.704,1072.536
10612,PROD0076,80,32075.2,0,25980.912,6094.288
10630,PROD0076,35,14078.05,0,11403.2205,2674.8295
10665,PROD0076,10,3610.5,0,2924.505,685.995
10701,PROD0076,35,14456.1901,1885.5901,10182.186,4274.0041
10702,PROD0076,15,6430.35,0,5208.5835,1221.7665
10732,PROD0076,20,8250,0,6682.5,1567.5
10734,PROD0076,20,8252.4,0,6862.0993,1390.3007
10749,PROD0076,10,4192.3,0,3395.763,796.537
10808,PROD0076,50,21077.2001,2749.2001,14845.68,6231.5201
10837,PROD0076,21,10140.9,2028.18,7155.419,2985.481
10860,PROD0076,20,7288.8,0,6428.7216,860.0784
10879,PROD0076,10,4305.3,0,3797.2746,508.0254
10927,PROD0076,20,7285,0,6425.37,859.63
10928,PROD0076,5,1818.2,0,1613.7557,204.4443
10961,PROD0076,60,23334.6,0,20581.1172,2753.4828
10962,PROD0076,44,16628.48,0,16153.1819,475.2981
10986,PROD0076,10,3689.3,0,3253.9626,435.3374
10991,PROD0076,90,43755.1201,7292.5201,32160.0132,11595.1069
11004,PROD0076,6,2377.44,0,2096.9021,280.5379
11060,PROD0077,10,131.1,0,115.6302,15.4698
11068,PROD0077,28,447.258,58.338,343.0274,104.2306
11077,PROD0077,10,119.8,0,105.6636,14.1364
10256,PROD0077,12,162,0,134.136,27.864
10257,PROD0077,15,192.6,0,159.4728,33.1272
10290,PROD0077,10,134.9,0,116.5536,18.3464
10366,PROD0077,5,63.55,0,54.9072,8.6428
10367,PROD0077,7,99.61,0,86.063,13.547
10399,PROD0077,14,168.14,0,139.2199,28.9201
10417,PROD0077,35,465.5,0,385.434,80.066
10421,PROD0077,10,138.345,18.045,104.8294,33.5156
10451,PROD0077,55,756.855,68.805,569.7054,187.1496
10483,PROD0077,30,443.205,21.105,349.4988,93.7062
10491,PROD0077,7,114.31,14.91,82.3032,32.0068
10495,PROD0077,5,65.6,0,54.3168,11.2832
10497,PROD0077,25,303,0,250.884,52.116
10554,PROD0077,10,143.01,6.81,110.322,32.688
10577,PROD0077,18,215.1,0,177.8927,37.2073
10587,PROD0077,20,246.4,0,200.0158,46.3842
10590,PROD0077,60,885.78,42.18,683.316,202.464
10602,PROD0077,5,81.8125,16.3625,53.0145,28.798
10646,PROD0077,35,576.1875,115.2375,373.3695,202.818
10658,PROD0077,70,937.86,44.66,723.492,214.368
10690,PROD0077,30,502.5,100.5,325.62,176.88
10735,PROD0077,2,27.61,2.51,20.331,7.279
10780,PROD0077,15,186.45,0,151.0245,35.4255
10812,PROD0077,20,275.2,0,222.912,52.288
10823,PROD0077,15,216.315,19.665,173.4453,42.8697
10835,PROD0077,2,29.52,4.92,21.6972,7.8228
10841,PROD0077,15,201,0,177.282,23.718
10885,PROD0077,25,342.25,0,301.8645,40.3855
10886,PROD0077,40,543.2,0,479.1024,64.0976
10929,PROD0077,15,198.15,0,174.7683,23.3817
10946,PROD0077,40,547.6,0,482.9832,64.6168
10986,PROD0077,15,197.1,0,173.8422,23.2578
10999,PROD0077,21,265.482,12.642,223.0049,42.4771
11000,PROD0077,30,372.6,0,328.6332,43.9668
11015,PROD0077,18,212.4,0,187.3368,25.0632
